번호,발생시각,년,월 ,일,규모,위도,경도,위치,위도(숫자)
847,2022-05-13,2022,5,13,2.3,33.34 N,127.22 E,제주 서귀포시 동쪽 62km 해역,33.34 
846,2022-04-30,2022,4,30,2.3,38.98 N,127.29 E,북한 강원 원산 남남서쪽 24km 지역,38.98 
845,2022-04-21,2022,4,21,2.3,38.85 N,125.78 E,북한 황해북도 송림 북동쪽 18km 지역,38.85 
844,2022-04-18,2022,4,18,2.3,37.26 N,126.10 E,인천 옹진군 서남서쪽 52km 지역,37.26 
843,2022-04-17,2022,4,17,2.3,35.22 N,128.60 E,경남 창원시 마산회원구 동쪽 2km 지역,35.22 
842,2022-04-16,2022,4,16,2.6,34.75 N,127.26 E,전남 고흥군 북쪽 16km 지역,34.75 
841,2022-04-12,2022,4,12,2.4,36.82 N,129.47 E,경북 울진군 남남동쪽 20km 해역,36.82 
840,2022-04-10,2022,4,10,3.4,36.45 N,129.62 E,경북 영덕군 동쪽 23km 해역,36.45 
839,2022-04-09,2022,4,9,2.2,36.54 N,128.08 E,경북 상주시 북북서쪽 16km 지역,36.54 
838,2022-04-03,2022,4,3,2,35.69 N,129.35 E,경북 경주시 남남동쪽 22km 지역,35.69 
837,2022-03-16,2022,3,16,2.3,33.70 N,125.06 E,전남 신안군 흑산도 남남서쪽 113km 해역,33.70 
836,2022-03-15,2022,3,15,2,39.42 N,126.19 E,북한 평안남도 성천 북쪽 20km 지역,39.42 
835,2022-03-06,2022,3,6,2.5,37.31 N,129.54 E,강원 삼척시 동남동쪽 37km 해역,37.31 
834,2022-03-05,2022,3,5,2.4,36.39 N,127.13 E,충남 공주시 남쪽 6km 지역,36.39 
833,2022-03-04,2022,3,4,2.1,41.24 N,129.22 E,북한 함경북도 길주 북북서쪽 33km 지역,41.24 
832,2022-02-28,2022,2,28,2.1,41.25 N,129.28 E,북한 함경북도 길주 북쪽 33km 지역,41.25 
831,2022-02-24,2022,2,24,2.2,34.00 N,127.59 E,전남 여수시 거문도 동쪽 25km 해역,34.00 
830,2022-02-15,2022,2,15,2.5,41.29 N,129.23 E,북한 함경북도 길주 북북서쪽 38km 지역,41.29 
829,2022-02-14,2022,2,14,2.3,41.28 N,129.26 E,북한 함경북도 길주 북쪽 37km 지역,41.28 
828,2022-02-14,2022,2,14,2.3,41.27 N,129.24 E,북한 함경북도 길주 북북서쪽 36km 지역,41.27 
827,2022-02-11,2022,2,11,3.1,41.30 N,129.21 E,북한 함경북도 길주 북북서쪽 40km 지역,41.30 
826,2022-02-10,2022,2,10,2.2,35.29 N,126.59 E,전남 영광군 동북동쪽 7km 지역,35.29 
825,2022-02-08,2022,2,8,2.9,35.07 N,125.06 E,전남 신안군 흑산도 북서쪽 55km 해역,35.07 
824,2022-02-04,2022,2,4,2.3,37.41 N,129.51 E,강원 삼척시 동쪽 31km 해역,37.41 
823,2022-02-02,2022,2,2,2.4,35.72 N,128.99 E,경북 청도군 동북동쪽 24km 지역,35.72 
822,2022-01-28,2022,1,28,2.3,34.37 N,127.30 E,전남 고흥군 남쪽 26km 해역,34.37 
821,2021-12-30,2021,12,30,2.2,41.30 N,129.17 E,북한 함경북도 길주 북북서쪽 41km 지역,41.30 
820,2021-12-30,2021,12,30,2.3,41.31 N,129.21 E,북한 함경북도 길주 북북서쪽 41km 지역,41.31 
819,2021-12-17,2021,12,17,3.2,33.12 N,126.18 E,제주 서귀포시 서남서쪽 38km 해역,33.12 
818,2021-12-15,2021,12,15,2.3,35.79 N,127.80 E,경남 거창군 북서쪽 15km 지역,35.79 
817,2021-12-15,2021,12,15,2.8,33.14 N,126.15 E,제주 서귀포시 서남서쪽 40km 해역,33.14 
816,2021-12-14,2021,12,14,4.9,33.09 N,126.16 E,제주 서귀포시 서남서쪽 41km 해역,33.09 
815,2021-12-09,2021,12,9,2.6,33.85 N,125.51 E,전남 신안군 흑산도 남쪽 91km 해역,33.85 
814,2021-12-04,2021,12,4,2.3,38.02 N,124.52 E,인천 옹진군 백령도 서북서쪽 16km 해역,38.02 
813,2021-11-22,2021,11,22,2.1,35.48 N,127.11 E,전북 순창군 북북서쪽 12km 지역,35.48 
812,2021-11-19,2021,11,19,2.2,33.85 N,124.77 E,전남 신안군 흑산도 남남서쪽 109km 해역,33.85 
811,2021-11-17,2021,11,17,2.9,35.66 N,129.75 E,울산 동구 동북동쪽 35km 해역,35.66 
810,2021-11-16,2021,11,16,2.1,34.50 N,125.90 E,전남 진도군 서쪽 33km 해역,34.50 
809,2021-11-16,2021,11,16,2.1,35.06 N,125.06 E,전남 신안군 흑산도 북서쪽 54km 해역,35.06 
808,2021-11-12,2021,11,12,2.1,36.15 N,129.38 E,경북 포항시 북구 북쪽 12km 지역,36.15 
807,2021-10-22,2021,10,22,2.4,36.90 N,128.22 E,충북 제천시 남쪽 26km 지역,36.90 
806,2021-10-19,2021,10,19,2.2,35.90 N,129.75 E,경북 포항시 남구 동남동쪽 37km 해역,35.90 
805,2021-10-19,2021,10,19,2.8,40.41 N,127.27 E,북한 함경남도 장진 북동쪽 4km 지역,40.41 
804,2021-10-19,2021,10,19,2.6,40.37 N,127.28 E,북한 함경남도 장진 동남동쪽 4km 지역,40.37 
803,2021-10-17,2021,10,17,2.4,41.26 N,129.45 E,북한 함경북도 길주 북북동쪽 36km 지역,41.26 
802,2021-10-11,2021,10,11,2.5,41.29 N,129.20 E,북한 함경북도 길주 북북서쪽 39km 지역,41.29 
801,2021-10-11,2021,10,11,2.4,41.30 N,129.18 E,북한 함경북도 길주 북북서쪽 40km 지역,41.30 
800,2021-10-10,2021,10,10,2.1,35.10 N,125.06 E,전남 신안군 흑산도 북서쪽 58km 해역,35.10 
799,2021-10-06,2021,10,6,2.5,35.25 N,127.86 E,경남 하동군 북북동쪽 23km 지역,35.25 
798,2021-09-23,2021,9,23,2.6,35.42 N,128.49 E,경남 창녕군 남쪽 14km 지역,35.42 
797,2021-09-20,2021,9,20,2.2,34.88 N,127.25 E,전남 보성군 북동쪽 20km 지역,34.88 
796,2021-09-17,2021,9,17,2.2,36.71 N,126.11 E,충남 태안군 서남서쪽 17km 해역,36.71 
795,2021-09-14,2021,9,14,2.2,35.41 N,128.78 E,경남 밀양시 남남동쪽 11km 지역,35.41 
794,2021-09-12,2021,9,12,2.1,35.53 N,128.53 E,경남 창녕군 동남동쪽 4km 지역,35.53 
793,2021-09-11,2021,9,11,2.1,41.29 N,129.15 E,북한 함경북도 길주 북북서쪽 40km 지역,41.29 
792,2021-09-01,2021,9,1,2.4,41.30 N,129.13 E,북한 함경북도 길주 북북서쪽 42km 지역,41.30 
791,2021-08-29,2021,8,29,2.6,36.98 N,125.02 E,충남 태안군 서격렬비도 북서쪽 62km 해역,36.98 
790,2021-08-29,2021,8,29,2.2,35.31 N,128.49 E,경남 함안군 동북동쪽 9km 지역,35.31 
789,2021-08-28,2021,8,28,2.2,35.00 N,127.73 E,전남 광양시 북북동쪽 7km 지역,35.00 
788,2021-08-26,2021,8,26,2.3,35.07 N,125.12 E,전남 신안군 흑산도 북북서쪽 52km 해역,35.07 
787,2021-08-21,2021,8,21,4,35.70 N,124.70 E,전북 군산시 어청도 서남서쪽 124km 해역,35.70 
786,2021-08-20,2021,8,20,2.1,38.37 N,127.99 E,북한 강원 회양 남동쪽 50km 지역,38.37 
785,2021-08-18,2021,8,18,2.1,35.10 N,129.84 E,부산 기장군 동남동쪽 58km 해역,35.10 
784,2021-08-15,2021,8,15,2,35.10 N,129.78 E,부산 기장군 동남동쪽 53km 해역,35.10 
783,2021-08-01,2021,8,1,2.2,35.65 N,129.53 E,울산 북구 동북동쪽 17km 해역,35.65 
782,2021-07-31,2021,7,31,2.5,35.65 N,128.40 E,대구 달성군 남남서쪽 14km 지역,35.65 
781,2021-07-26,2021,7,26,2.2,36.32 N,128.21 E,경북 상주시 남남동쪽 11km 지역,36.32 
780,2021-07-07,2021,7,7,2.3,36.77 N,128.46 E,경북 예천군 북쪽 14km 지역,36.77 
779,2021-06-14,2021,6,14,2.4,35.81 N,129.77 E,경북 포항시 남구 동남동쪽 43km 해역,35.81 
778,2021-06-13,2021,6,13,2.5,41.29 N,129.13 E,북한 함경북도 길주 북북서쪽 41km 지역,41.29 
777,2021-06-13,2021,6,13,2,36.97 N,130.34 E,경북 울릉군 울릉도 남서쪽 76km 해역,36.97 
776,2021-06-07,2021,6,7,2.1,33.68 N,128.07 E,전남 여수시 거문도 동남동쪽 80km 해역,33.68 
775,2021-05-30,2021,5,30,2.4,38.73 N,126.06 E,북한 황해북도 연산 남서쪽 23km 지역,38.73 
774,2021-05-26,2021,5,26,2.2,35.83 N,124.56 E,충남 태안군 서격렬비도 남서쪽 124km 해역,35.83 
773,2021-05-13,2021,5,13,2,35.89 N,127.33 E,전북 완주군 동쪽 15km 지역,35.89 
772,2021-05-04,2021,5,4,2,35.89 N,129.67 E,경북 포항시 남구 동남동쪽 31km 해역,35.89 
771,2021-04-30,2021,4,30,2.1,35.52 N,128.88 E,경남 밀양시 동쪽 12km 지역,35.52 
770,2021-04-29,2021,4,29,2,35.65 N,129.83 E,울산 동구 동북동쪽 41km 해역,35.65 
769,2021-04-28,2021,4,28,2.5,35.65 N,129.79 E,울산 동구 동북동쪽 37km 해역,35.65 
768,2021-04-25,2021,4,25,2.3,37.48 N,124.36 E,인천 옹진군 백령도 남남서쪽 60km 해역,37.48 
767,2021-04-23,2021,4,23,2.2,40.49 N,127.51 E,북한 함경남도 장진 동북동쪽 26km 지역,40.49 
766,2021-04-20,2021,4,20,2.6,35.08 N,125.05 E,전남 신안군 흑산도 북서쪽 57km 해역,35.08 
765,2021-04-19,2021,4,19,2.7,41.28 N,129.13 E,북한 함경북도 길주 북북서쪽 40km 지역,41.28 
764,2021-04-19,2021,4,19,3.7,35.07 N,125.08 E,전남 신안군 흑산도 북서쪽 54km 해역,35.07 
763,2021-04-16,2021,4,16,2.2,37.29 N,127.71 E,경기 여주시 동쪽 7km 지역,37.29 
762,2021-04-13,2021,4,13,2,36.02 N,126.91 E,전북 익산시 북북서쪽 9km 지역,36.02 
761,2021-03-16,2021,3,16,2.6,35.76 N,129.19 E,경북 경주시 남남서쪽 11km 지역,35.76 
760,2021-02-21,2021,2,21,2.2,35.47 N,126.34 E,전남 영광군 북서쪽 27km 해역,35.47 
759,2021-02-15,2021,2,15,2.5,35.99 N,126.84 E,전북 군산시 동북동쪽 10km 지역,35.99 
758,2021-02-10,2021,2,10,2.1,37.32 N,126.24 E,인천 옹진군 서남서쪽 38km 해역,37.32 
757,2021-02-08,2021,2,8,2.3,40.64 N,127.62 E,북한 함경남도 장진 북동쪽 43km 지역,40.64 
756,2021-02-08,2021,2,8,3.2,40.67 N,127.45 E,북한 함경남도 장진 북북동쪽 37km 지역,40.67 
755,2021-02-06,2021,2,6,2.7,35.81 N,127.53 E,전북 장수군 북쪽 18km 지역,35.81 
754,2021-02-03,2021,2,3,2.2,37.32 N,126.24 E,인천 옹진군 서남서쪽 38km 해역,37.32 
753,2021-01-24,2021,1,24,2.1,35.84 N,125.14 E,전북 군산시 어청도 서남서쪽 81km 해역,35.84 
752,2021-01-14,2021,1,14,2.1,36.86 N,125.43 E,충남 태안군 서격렬비도 북북서쪽 30km 해역,36.86 
751,2020-12-23,2020,12,23,2.2,37.73 N,126.73 E,경기 파주시 남서쪽 6km 지역,37.73 
750,2020-12-18,2020,12,18,2.7,37.66 N,129.32 E,강원 동해시 북동쪽 24km 해역,37.66 
749,2020-12-15,2020,12,15,2.3,37.70 N,125.17 E,북한 황해남도 옹진 남남서쪽 31km 해역,37.70 
748,2020-11-19,2020,11,19,3.1,37.99 N,125.37 E,북한 황해남도 옹진 북쪽 7km 지역,37.99 
747,2020-11-17,2020,11,17,2.6,41.28 N,129.18 E,북한 함경북도 길주 북북서쪽 38km 지역,41.28 
746,2020-11-15,2020,11,15,2.1,35.76 N,129.18 E,경북 경주시 남남서쪽 11km 지역,35.76 
745,2020-11-08,2020,11,8,2.9,36.41 N,128.22 E,경북 상주시 동쪽 5km 지역,36.41 
744,2020-11-06,2020,11,6,2,36.43 N,128.14 E,경북 상주시 북서쪽 3km 지역,36.43 
743,2020-11-04,2020,11,4,2.4,35.84 N,129.79 E,경북 포항시 남구 동남동쪽 43km 해역,35.84 
742,2020-11-04,2020,11,4,2.2,35.83 N,129.78 E,경북 포항시 남구 동남동쪽 43km 해역,35.83 
741,2020-11-04,2020,11,4,2.8,38.79 N,125.72 E,북한 황해북도 송림 북동쪽 10km 지역,38.79 
740,2020-10-25,2020,10,25,2.5,33.89 N,125.65 E,전남 진도군 남서쪽 87km 해역,33.89 
739,2020-10-24,2020,10,24,2.1,33.93 N,127.45 E,전남 여수시 거문도 남동쪽 16km 해역,33.93 
738,2020-10-09,2020,10,9,2.1,35.75 N,129.17 E,경북 경주시 남남서쪽 13km 지역,35.75 
737,2020-10-07,2020,10,7,2.1,33.92 N,127.44 E,전남 여수시 거문도 남동쪽 16km 해역,33.92 
736,2020-10-03,2020,10,3,2.3,38.83 N,126.03 E,북한 황해북도 연산 서남서쪽 20km 지역,38.83 
735,2020-10-02,2020,10,2,2.6,38.74 N,125.90 E,북한 황해북도 송림 동쪽 23km 지역,38.74 
734,2020-10-02,2020,10,2,2.5,38.74 N,125.89 E,북한 황해북도 송림 동쪽 22km 지역,38.74 
733,2020-09-22,2020,9,22,2.1,36.60 N,129.37 E,경북 영덕군 북쪽 21km 지역,36.60 
732,2020-09-20,2020,9,20,2.2,36.51 N,127.14 E,충남 공주시 북북동쪽 7km 지역,36.51 
731,2020-09-13,2020,9,13,2.9,37.64 N,124.60 E,인천 옹진군 백령도 남남서쪽 35km 해역,37.64 
730,2020-09-12,2020,9,12,2.4,36.03 N,128.40 E,경북 칠곡군 북쪽 4km 지역,36.03 
729,2020-09-02,2020,9,2,2.3,34.38 N,126.20 E,전남 진도군 남남서쪽 13km 지역,34.38 
728,2020-08-21,2020,8,21,2.5,37.91 N,125.93 E,북한 황해남도 해주 남동쪽 24km 지역,37.91 
727,2020-08-07,2020,8,7,2.4,41.30 N,129.09 E,북한 함경북도 길주 북북서쪽 43km 지역,41.30 
726,2020-08-05,2020,8,5,2,38.85 N,125.71 E,북한 황해북도 송림 북북동쪽 14km 지역,38.85 
725,2020-08-01,2020,8,1,2,36.77 N,128.48 E,경북 예천군 북쪽 13km 지역,36.77 
724,2020-08-01,2020,8,1,2,38.65 N,127.16 E,북한 강원 평강 북북서쪽 29km 지역,38.65 
723,2020-07-25,2020,7,25,2.2,34.06 N,125.54 E,전남 신안군 흑산도 남쪽 66km 해역,34.06 
722,2020-07-20,2020,7,20,2,34.53 N,128.14 E,경남 남해군 남남동쪽 41km 해역,34.53 
721,2020-07-15,2020,7,15,2.4,34.88 N,124.68 E,전남 신안군 흑산도 서북서쪽 77km 해역,34.88 
720,2020-07-11,2020,7,11,2.7,37.88 N,129.58 E,강원 동해시 북동쪽 57km 해역,37.88 
719,2020-07-07,2020,7,7,3.3,37.19 N,125.55 E,인천 옹진군 연평도 남남서쪽 54km 해역,37.19 
718,2020-07-03,2020,7,3,2.3,37.18 N,128.71 E,강원 영월군 동쪽 22km 지역,37.18 
717,2020-06-24,2020,6,24,2.5,38.66 N,125.95 E,북한 황해북도 사리원 북동쪽 24km 지역,38.66 
716,2020-06-23,2020,6,23,2.1,37.86 N,126.90 E,경기 파주시 북동쪽 15km 지역,37.86 
715,2020-06-21,2020,6,21,2.3,38.47 N,128.52 E,강원 고성군 북북동쪽 11km 해역,38.47 
714,2020-06-08,2020,6,8,2.1,36.01 N,128.01 E,경북 김천시 남남서쪽 17km 지역,36.01 
713,2020-06-04,2020,6,4,2.5,38.75 N,125.69 E,북한 황해북도 송림 동북동쪽 5km 지역,38.75 
712,2020-05-27,2020,5,27,2.8,36.01 N,128.01 E,경북 김천시 남남서쪽 17km 지역,36.01 
711,2020-05-22,2020,5,22,2.1,37.67 N,125.00 E,북한 황해남도 옹진 남서쪽 43km 해역,37.67 
710,2020-05-13,2020,5,13,2.8,36.10 N,127.34 E,전북 완주군 북동쪽 27km 지역,36.10 
709,2020-05-11,2020,5,11,3.8,38.68 N,127.18 E,북한 강원 평강 북북서쪽 32km 지역,38.68 
708,2020-05-09,2020,5,9,2.2,38.87 N,126.22 E,북한 평안남도 성천 남쪽 41km 지역,38.87 
707,2020-05-09,2020,5,9,2.2,34.66 N,126.40 E,전남 해남군 서북서쪽 21km 지역,34.66 
706,2020-05-07,2020,5,7,2.1,34.77 N,124.68 E,전남 신안군 흑산도 서쪽 73km 해역,34.77 
705,2020-05-05,2020,5,5,2.4,38.47 N,126.16 E,북한 황해북도 평산 북서쪽 26km 지역,38.47 
704,2020-05-03,2020,5,3,3.1,34.66 N,126.40 E,전남 해남군 서북서쪽 21km 지역,34.66 
703,2020-05-02,2020,5,2,2.3,34.66 N,126.40 E,전남 해남군 서북서쪽 21km 지역,34.66 
702,2020-04-30,2020,4,30,2.4,34.66 N,126.40 E,전남 해남군 서북서쪽 21km 지역,34.66 
701,2020-04-29,2020,4,29,2.4,39.39 N,126.13 E,북한 평안남도 성천 북북서쪽 18km 지역,39.39 
700,2020-04-28,2020,4,28,2.1,34.66 N,126.41 E,전남 해남군 서북서쪽 20km 지역,34.66 
699,2020-04-28,2020,4,28,2.4,36.16 N,127.43 E,충남 금산군 북서쪽 8km 지역,36.16 
698,2020-04-27,2020,4,27,2.8,35.80 N,127.53 E,전북 장수군 북쪽 17km 지역,35.80 
697,2020-04-24,2020,4,24,2.3,35.30 N,125.54 E,전남 신안군 흑산도 북쪽 73km 해역,35.30 
696,2020-04-22,2020,4,22,2.1,38.11 N,130.01 E,강원 동해시 북동쪽 102km 해역,38.11 
695,2020-04-18,2020,4,18,2.3,37.58 N,126.14 E,인천 강화군 서남서쪽 36km 해역,37.58 
694,2020-04-03,2020,4,3,2.2,38.75 N,125.72 E,북한 황해북도 송림 동북동쪽 8km 지역,38.75 
693,2020-03-20,2020,3,20,2.7,35.39 N,128.01 E,경남 산청군 동남동쪽 13km 지역,35.39 
692,2020-03-10,2020,3,10,2,35.44 N,125.54 E,전북 군산시 어청도 남남서쪽 85km 해역,35.44 
691,2020-02-29,2020,2,29,2.4,38.45 N,126.17 E,북한 황해북도 평산 북서쪽 24km 지역,38.45 
690,2020-02-29,2020,2,29,2.7,38.46 N,126.17 E,북한 황해북도 평산 북서쪽 24km 지역,38.46 
689,2020-02-16,2020,2,16,2.7,36.26 N,130.49 E,경북 영덕군 동쪽 102km 해역,36.26 
688,2020-02-09,2020,2,9,2.4,35.77 N,129.03 E,경북 경주시 서남서쪽 18km 지역,35.77 
687,2020-01-30,2020,1,30,3.2,36.59 N,128.12 E,경북 상주시 북쪽 20km 지역,36.59 
686,2020-01-29,2020,1,29,2.5,41.29 N,129.11 E,북한 함경북도 길주 북북서쪽 41km 지역,41.29 
685,2020-01-15,2020,1,15,2.1,37.11 N,128.29 E,충북 제천시 동남동쪽 9km 지역,37.11 
684,2020-01-08,2020,1,8,2,35.91 N,128.38 E,경북 성주군 동쪽 9km 지역,35.91 
683,2019-12-30,2019,12,30,2.1,35.56 N,128.90 E,경남 밀양시 동북동쪽 15km 지역,35.56 
682,2019-12-30,2019,12,30,3.5,35.56 N,128.90 E,경남 밀양시 동북동쪽 15km 지역,35.56 
681,2019-12-29,2019,12,29,2.3,33.33 N,127.16 E,제주 서귀포시 동쪽 56km 해역,33.33 
680,2019-12-24,2019,12,24,2.4,33.29 N,127.16 E,제주 서귀포시 동쪽 56km 해역,33.29 
679,2019-12-17,2019,12,17,2.1,38.01 N,126.00 E,북한 황해남도 해주 동쪽 25km 지역,38.01 
678,2019-12-15,2019,12,15,2,37.16 N,126.22 E,충남 서산시 북북서쪽 46km 해역,37.16 
677,2019-12-12,2019,12,12,2.1,33.55 N,126.92 E,제주 제주시 동쪽 36km 해역,33.55 
676,2019-12-08,2019,12,8,2,35.12 N,124.96 E,전남 신안군 흑산도 북서쪽 70km 해역,35.12 
675,2019-12-04,2019,12,4,2.6,33.94 N,124.70 E,전남 신안군 흑산도 남서쪽 106km 해역,33.94 
674,2019-11-29,2019,11,29,2,36.86 N,129.79 E,경북 울진군 동남동쪽 38km 해역,36.86 
673,2019-11-21,2019,11,21,2.4,33.83 N,128.09 E,전남 여수시 거문도 동남동쪽 75km 해역,33.83 
672,2019-11-21,2019,11,21,2.3,35.13 N,124.93 E,전남 신안군 흑산도 북서쪽 73km 해역,35.13 
671,2019-11-09,2019,11,9,2.4,37.62 N,124.65 E,인천 옹진군 백령도 남쪽 37km 해역,37.62 
670,2019-10-31,2019,10,31,2.1,37.24 N,126.11 E,인천 옹진군 서남서쪽 52km 지역,37.24 
669,2019-10-30,2019,10,30,2.3,36.68 N,128.61 E,경북 안동시 북서쪽 16km 지역,36.68 
668,2019-10-27,2019,10,27,3.4,35.41 N,128.49 E,경남 창녕군 남쪽 15km 지역,35.41 
667,2019-10-20,2019,10,20,2.2,33.41 N,125.13 E,제주 제주시 서쪽 130km 해역,33.41 
666,2019-10-15,2019,10,15,2.3,38.77 N,125.71 E,북한 황해북도 송림 동북동쪽 8km 지역,38.77 
665,2019-10-13,2019,10,13,2,36.53 N,129.65 E,경북 영덕군 동북동쪽 28km 해역,36.53 
664,2019-10-12,2019,10,12,2.5,35.18 N,129.77 E,울산 동구 남동쪽 48km 해역,35.18 
663,2019-10-04,2019,10,4,2.6,35.47 N,128.86 E,경남 밀양시 동남동쪽 11km 지역,35.47 
662,2019-10-02,2019,10,2,2.3,38.79 N,125.78 E,북한 황해북도 송림 동북동쪽 14km 지역,38.79 
661,2019-09-26,2019,9,26,2.3,36.09 N,129.33 E,경북 포항시 북구 북북서쪽 6km 지역,36.09 
660,2019-09-22,2019,9,22,3.3,34.16 N,125.16 E,전남 신안군 흑산도 남남서쪽 62km 해역,34.16 
659,2019-09-21,2019,9,21,3.5,38.67 N,127.17 E,북한 강원 평강 북북서쪽 31km 지역,38.67 
658,2019-09-19,2019,9,19,2.6,33.65 N,124.99 E,전남 신안군 흑산도 남남서쪽 120km 해역,33.65 
657,2019-09-11,2019,9,11,2,38.13 N,127.09 E,경기 연천군 북북동쪽 4km 지역,38.13 
656,2019-09-07,2019,9,7,2,35.48 N,129.54 E,울산 동구 동남동쪽 12km 해역,35.48 
655,2019-09-01,2019,9,1,2.3,39.51 N,126.10 E,북한 평안남도 개천 남동쪽 27km 지역,39.51 
654,2019-08-28,2019,8,28,2.5,36.24 N,130.01 E,경북 영덕군 동남동쪽 61km 해역,36.24 
653,2019-08-23,2019,8,23,2.7,37.96 N,124.69 E,인천 옹진군 백령도 북동쪽 1km 지역,37.96 
652,2019-08-20,2019,8,20,2.8,33.57 N,124.81 E,전남 신안군 흑산도 남남서쪽 135km 해역,33.57 
651,2019-08-11,2019,8,11,2.1,37.97 N,124.63 E,인천 옹진군 백령도 서북서쪽 5km 지역,37.97 
650,2019-08-10,2019,8,10,2.3,33.78 N,126.92 E,전남 여수시 거문도 남서쪽 45km 해역,33.78 
649,2019-08-09,2019,8,9,2.2,39.31 N,124.71 E,북한 평안북도 철산 남쪽 51km 해역,39.31 
648,2019-07-30,2019,7,30,2.1,35.00 N,128.30 E,경남 고성군 북서쪽 4km 지역,35.00 
647,2019-07-25,2019,7,25,2.8,37.35 N,129.84 E,경북 울진군 북동쪽 56km 해역,37.35 
646,2019-07-22,2019,7,22,2,35.82 N,125.56 E,전북 군산시 어청도 남서쪽 50km 해역,35.82 
645,2019-07-21,2019,7,21,3.9,36.50 N,128.10 E,경북 상주시 북북서쪽 11km 지역,36.50 
644,2019-07-20,2019,7,20,2,36.33 N,128.08 E,경북 상주시 남서쪽 11km 지역,36.33 
643,2019-07-10,2019,7,10,2.1,38.70 N,125.73 E,북한 황해북도 송림 동남동쪽 9km 지역,38.70 
642,2019-07-08,2019,7,8,2.2,37.89 N,129.55 E,강원 동해시 북동쪽 56km 해역,37.89 
641,2019-07-02,2019,7,2,2.7,35.88 N,129.69 E,경북 포항시 남구 동남동쪽 33km 해역,35.88 
640,2019-06-27,2019,6,27,2.1,38.75 N,125.71 E,북한 황해북도 송림 동북동쪽 7km 지역,38.75 
639,2019-06-27,2019,6,27,2.5,38.77 N,125.70 E,북한 황해북도 송림 북동쪽 7km 지역,38.77 
638,2019-06-27,2019,6,27,3.9,38.80 N,125.69 E,북한 황해북도 송림 북동쪽 9km 지역,38.80 
637,2019-06-23,2019,6,23,2.4,36.69 N,128.41 E,경북 예천군 북서쪽 5km 지역,36.69 
636,2019-06-23,2019,6,23,2.4,38.75 N,125.73 E,북한 황해북도 송림 동쪽 8km 지역,38.75 
635,2019-06-23,2019,6,23,3.4,38.81 N,125.70 E,북한 황해북도 송림 북동쪽 10km 지역,38.81 
634,2019-06-22,2019,6,22,3.4,38.81 N,125.70 E,북한 황해북도 송림 북동쪽 10km 지역,38.81 
633,2019-06-22,2019,6,22,2.7,38.81 N,125.71 E,북한 황해북도 송림 북동쪽 10km 지역,38.81 
632,2019-06-21,2019,6,21,2.5,38.81 N,125.68 E,북한 황해북도 송림 북북동쪽 9km 지역,38.81 
631,2019-06-15,2019,6,15,2.2,35.71 N,126.36 E,전북 부안군 서쪽 34km 해역,35.71 
630,2019-06-11,2019,6,11,2.5,35.76 N,129.19 E,경북 경주시 남남서쪽 9km 지역,35.76 
629,2019-05-17,2019,5,17,2.4,38.37 N,126.30 E,북한 황해북도 평산 서북서쪽 9km 지역,38.37 
628,2019-05-16,2019,5,16,3.3,39.15 N,126.47 E,북한 평안남도 양덕 서남서쪽 16km 지역,39.15 
627,2019-05-13,2019,5,13,2.4,33.35 N,127.17 E,제주 서귀포시 동쪽 58km 해역,33.35 
626,2019-05-10,2019,5,10,2,36.56 N,129.64 E,경북 영덕군 동북동쪽 29km 해역,36.56 
625,2019-05-05,2019,5,5,2.1,36.55 N,129.54 E,경북 영덕군 북동쪽 22km 해역,36.55 
624,2019-05-04,2019,5,4,2.4,37.42 N,124.56 E,인천 옹진군 백령도 남쪽 60km 해역,37.42 
623,2019-04-27,2019,4,27,2.5,33.79 N,126.09 E,제주 제주시 북서쪽 52km 해역,33.79 
622,2019-04-22,2019,4,22,3.8,36.86 N,129.80 E,경북 울진군 동남동쪽 38km 해역,36.86 
621,2019-04-19,2019,4,19,4.3,37.88 N,129.54 E,강원 동해시 북동쪽 54km 해역,37.88 
620,2019-03-28,2019,3,28,2.2,33.62 N,126.94 E,제주 제주시 동북동쪽 40km 해역,33.62 
619,2019-03-21,2019,3,21,2.7,37.56 N,125.20 E,북한 황해남도 옹진 남남서쪽 43km 해역,37.56 
618,2019-03-21,2019,3,21,2.8,41.32 N,129.09 E,북한 함경북도 길주 북북서쪽 45km 지역,41.32 
617,2019-03-19,2019,3,19,2.2,38.01 N,126.00 E,북한 황해남도 해주 동쪽 25km 지역,38.01 
616,2019-03-17,2019,3,17,2.3,36.34 N,127.87 E,충북 옥천군 동쪽 27km 지역,36.34 
615,2019-03-13,2019,3,13,2.4,33.63 N,126.93 E,제주 제주시 동북동쪽 40km 해역,33.63 
614,2019-03-11,2019,3,11,2.4,33.47 N,126.40 E,제주 제주시 서남서쪽 13km 지역,33.47 
613,2019-03-09,2019,3,9,2,36.82 N,128.73 E,경북 봉화군 남쪽 8km 지역,36.82 
612,2019-03-03,2019,3,3,2.5,39.63 N,127.12 E,북한 함경남도 금야 북서쪽 15km 지역,39.63 
611,2019-02-27,2019,2,27,2.2,37.31 N,124.74 E,인천 옹진군 백령도 남쪽 72km 해역,37.31 
610,2019-02-25,2019,2,25,2.9,36.77 N,129.03 E,경북 영양군 북북서쪽 14km 지역,36.77 
609,2019-02-20,2019,2,20,2.9,36.51 N,125.50 E,충남 태안군 서격렬비도 남남서쪽 12km 해역,36.51 
608,2019-02-18,2019,2,18,2.4,36.72 N,128.41 E,경북 예천군 북북서쪽 8km 지역,36.72 
607,2019-02-17,2019,2,17,2.6,33.29 N,126.25 E,제주 서귀포시 서쪽 29km 지역,33.29 
606,2019-02-13,2019,2,13,2.7,38.90 N,125.86 E,북한 평양 남동쪽 17km 지역,38.90 
605,2019-02-10,2019,2,10,2.5,36.16 N,129.85 E,경북 포항시 북구 동북동쪽 45km 해역,36.16 
604,2019-02-10,2019,2,10,4.1,36.16 N,129.90 E,경북 포항시 북구 동북동쪽 50km 해역,36.16 
603,2019-01-31,2019,1,31,2.2,36.53 N,129.66 E,경북 영덕군 동북동쪽 29km 해역,36.53 
602,2019-01-17,2019,1,17,2.7,33.94 N,127.62 E,전남 여수시 거문도 동남동쪽 30km 해역,33.94 
601,2019-01-13,2019,1,13,2,37.02 N,127.93 E,충북 충주시 북쪽 3km 지역,37.02 
600,2019-01-10,2019,1,10,2.5,35.79 N,129.20 E,경북 경주시 남남서쪽 5km 지역,35.79 
599,2019-01-09,2019,1,9,3.7,37.37 N,124.23 E,인천 옹진군 백령도 남남서쪽 76km 해역,37.37 
598,2019-01-02,2019,1,2,2.2,36.77 N,128.31 E,경북 문경시 북북동쪽 23km 지역,36.77 
597,2019-01-02,2019,1,2,2.8,41.30 N,129.21 E,북한 함경북도 길주 북북서쪽 40km 지역,41.30 
596,2019-01-01,2019,1,1,3.1,36.53 N,129.66 E,경북 영덕군 동북동쪽 29km 해역,36.53 
595,2018-12-27,2018,12,27,2,36.99 N,128.89 E,경북 봉화군 북동쪽 18km 지역,36.99 
594,2018-12-21,2018,12,21,2.7,35.76 N,127.95 E,경남 거창군 북북동쪽 9km 지역,35.76 
593,2018-12-20,2018,12,20,2,35.88 N,129.69 E,경북 포항시 남구 동남동쪽 33km 해역,35.88 
592,2018-12-17,2018,12,17,2.2,36.53 N,129.65 E,경북 영덕군 동북동쪽 28km 해역,36.53 
591,2018-12-12,2018,12,12,2.1,35.72 N,126.78 E,전북 부안군 동남동쪽 4km 지역,35.72 
590,2018-12-09,2018,12,9,2.2,35.86 N,129.69 E,경북 포항시 남구 동남동쪽 34km 해역,35.86 
589,2018-12-08,2018,12,8,2.4,36.31 N,128.25 E,경북 구미시 북북서쪽 23km 지역,36.31 
588,2018-12-05,2018,12,5,2.5,36.45 N,129.62 E,경북 영덕군 동쪽 23km 해역,36.45 
587,2018-12-05,2018,12,5,2.1,36.45 N,129.62 E,경북 영덕군 동쪽 23km 해역,36.45 
586,2018-11-29,2018,11,29,2.1,37.32 N,129.69 E,경북 울진군 북동쪽 44km 해역,37.32 
585,2018-11-29,2018,11,29,3.3,34.94 N,124.53 E,전남 신안군 흑산도 서북서쪽 92km 해역,34.94 
584,2018-11-25,2018,11,25,2.1,33.15 N,126.09 E,제주 서귀포시 서남서쪽 45km 해역,33.15 
583,2018-11-25,2018,11,25,2.2,38.73 N,125.92 E,북한 황해북도 송림 동쪽 25km 지역,38.73 
582,2018-11-24,2018,11,24,2.9,38.70 N,127.16 E,북한 강원 평강 북북서쪽 34km 지역,38.70 
581,2018-11-22,2018,11,22,2.2,35.91 N,129.71 E,경북 포항시 남구 동남동쪽 33km 해역,35.91 
580,2018-11-20,2018,11,20,2.3,33.52 N,127.29 E,전남 여수시 거문도 남쪽 57km 해역,33.52 
579,2018-11-19,2018,11,19,2.1,36.42 N,127.30 E,대전 유성구 북서쪽 8km 지역,36.42 
578,2018-11-05,2018,11,5,3.1,37.85 N,124.87 E,인천 옹진군 백령도 남동쪽 20km 해역,37.85 
577,2018-11-05,2018,11,5,3.2,37.80 N,124.90 E,인천 옹진군 백령도 남동쪽 26km 해역,37.80 
576,2018-11-04,2018,11,4,2.5,36.08 N,128.25 E,경북 김천시 동남동쪽 14km 지역,36.08 
575,2018-10-25,2018,10,25,2.3,35.76 N,129.19 E,경북 경주시 남남서쪽 9km 지역,35.76 
574,2018-10-24,2018,10,24,2.2,38.04 N,125.37 E,북한 황해남도 옹진 북쪽 12km 지역,38.04 
573,2018-10-22,2018,10,22,2.1,35.61 N,124.94 E,전북 군산시 어청도 서남서쪽 109km 해역,35.61 
572,2018-10-20,2018,10,20,2.6,37.26 N,129.96 E,경북 울진군 동북동쪽 58km 해역,37.26 
571,2018-10-17,2018,10,17,2,36.16 N,127.30 E,충남 논산시 동쪽 18km 지역,36.16 
570,2018-10-14,2018,10,14,2.4,37.49 N,124.58 E,인천 옹진군 백령도 남쪽 52km 해역,37.49 
569,2018-10-12,2018,10,12,2.3,38.67 N,127.18 E,북한 강원 평강 북북서쪽 30km 지역,38.67 
568,2018-09-27,2018,9,27,2.4,38.74 N,125.70 E,북한 황해북도 송림 동쪽 6km 지역,38.74 
567,2018-09-25,2018,9,25,2.5,33.46 N,125.80 E,제주 제주시 서쪽 68km 해역,33.46 
566,2018-09-24,2018,9,24,2.8,40.20 N,127.70 E,북한 함경남도 신흥 북동쪽 30km 지역,40.20 
565,2018-09-17,2018,9,17,2.4,36.05 N,129.69 E,경북 포항시 북구 동쪽 29km 해역,36.05 
564,2018-09-15,2018,9,15,2.4,37.07 N,129.91 E,경북 울진군 동쪽 46km 해역,37.07 
563,2018-09-14,2018,9,14,2.2,36.78 N,128.36 E,경북 문경시 북동쪽 26km 지역,36.78 
562,2018-08-29,2018,8,29,2.5,37.00 N,129.32 E,경북 울진군 서쪽 7km 지역,37.00 
561,2018-08-24,2018,8,24,2.1,34.33 N,127.42 E,전남 고흥군 남남동쪽 34km 해역,34.33 
560,2018-08-24,2018,8,24,2.6,37.92 N,125.68 E,북한 황해남도 해주 남남서쪽 14km 지역,37.92 
559,2018-08-15,2018,8,15,2.5,37.27 N,130.63 E,경북 울릉군 울릉도 남서쪽 34km 해역,37.27 
558,2018-08-10,2018,8,10,2.4,33.21 N,127.53 E,제주 서귀포시 동쪽 90km 해역,33.21 
557,2018-08-09,2018,8,9,2.1,37.03 N,125.27 E,충남 태안군 서격렬비도 북북서쪽 53km 해역,37.03 
556,2018-08-09,2018,8,9,2.1,37.03 N,125.30 E,충남 태안군 서격렬비도 북북서쪽 51km 해역,37.03 
555,2018-07-22,2018,7,22,2.9,33.41 N,125.91 E,제주 제주시 서쪽 58km 해역,33.41 
554,2018-07-21,2018,7,21,2.2,34.47 N,127.25 E,전남 고흥군 남남서쪽 16km 해역,34.47 
553,2018-07-20,2018,7,20,2.3,35.84 N,129.79 E,경북 포항시 남구 동남동쪽 43km 해역,35.84 
552,2018-07-20,2018,7,20,2.4,36.01 N,126.16 E,전북 군산시 어청도 남동쪽 21km 해역,36.01 
551,2018-07-19,2018,7,19,2.5,35.83 N,129.80 E,경북 포항시 남구 동남동쪽 44km 해역,35.83 
550,2018-07-17,2018,7,17,2.7,35.91 N,127.81 E,전북 무주군 남동쪽 17km 지역,35.91 
549,2018-07-04,2018,7,4,2.1,37.30 N,127.70 E,경기 여주시 동쪽 6km 지역,37.30 
548,2018-07-01,2018,7,1,2.2,37.63 N,129.48 E,강원 삼척시 북동쪽 34km 해역,37.63 
547,2018-06-28,2018,6,28,2.2,36.99 N,125.25 E,충남 태안군 서격렬비도 북북서쪽 50km 해역,36.99 
546,2018-06-28,2018,6,28,2.7,38.18 N,127.34 E,강원 철원군 북북동쪽 4km 지역,38.18 
545,2018-06-20,2018,6,20,2.1,34.90 N,124.81 E,전남 신안군 흑산면 서북서쪽 66km 해역,34.90 
544,2018-06-16,2018,6,16,2.3,37.19 N,129.08 E,강원 삼척시 남남서쪽 30km 지역,37.19 
543,2018-06-15,2018,6,15,2.1,36.39 N,128.49 E,경북 의성군 서북서쪽 19km 지역,36.39 
542,2018-06-09,2018,6,9,2.3,35.87 N,129.73 E,경북 포항시 남구 동남동쪽 37km 해역,35.87 
541,2018-05-31,2018,5,31,2.8,38.53 N,127.68 E,북한 강원 회양 남남동쪽 19km 지역,38.53 
540,2018-05-31,2018,5,31,2.6,36.22 N,129.38 E,경북 포항시 북구 북쪽 20km 지역,36.22 
539,2018-05-22,2018,5,22,2.2,36.37 N,129.49 E,경북 영덕군 동남동쪽 12km 해역,36.37 
538,2018-05-20,2018,5,20,2,34.16 N,125.61 E,전남 신안군 흑산면 남남동쪽 56km 해역,34.16 
537,2018-05-14,2018,5,14,2.5,33.62 N,125.58 E,제주 제주시 고산 서북서쪽 65km 해역,33.62 
536,2018-05-07,2018,5,7,2,36.72 N,128.37 E,경북 예천군 북서쪽 10km 지역,36.72 
535,2018-05-04,2018,5,4,2,36.10 N,127.70 E,충북 영동군 남서쪽 11km 지역,36.10 
534,2018-05-02,2018,5,2,2.5,36.56 N,127.63 E,충북 보은군 북서쪽 11km 지역,36.56 
533,2018-05-01,2018,5,1,2,35.77 N,129.20 E,경북 경주시 남쪽 8km 지역,35.77 
532,2018-04-24,2018,4,24,2.5,37.06 N,125.92 E,인천 옹진군 덕적도 남서쪽 27km 해역,37.06 
531,2018-04-23,2018,4,23,2.4,33.21 N,126.40 E,제주 서귀포시 서남서쪽 16km 해역,33.21 
530,2018-04-23,2018,4,23,2.3,41.35 N,129.12 E,북한 함경북도 길주 북북서쪽 47km 지역,41.35 
529,2018-04-09,2018,4,9,2.4,35.76 N,129.19 E,경북 경주시 남남서쪽 8km 지역,35.76 
528,2018-04-06,2018,4,6,2.6,36.08 N,129.82 E,경북 포항시 북구 동쪽 41km 해역,36.08 
527,2018-03-31,2018,3,31,2,36.10 N,129.36 E,경북 포항시 북구 북쪽 7km 지역,36.10 
526,2018-03-26,2018,3,26,2.7,37.78 N,124.84 E,인천 백령도 남동쪽 24km 해역,37.78 
525,2018-03-16,2018,3,16,2.7,36.10 N,129.35 E,경북 포항시 북구 북북서쪽 7km 지역,36.10 
524,2018-03-16,2018,3,16,2,36.98 N,128.42 E,충북 단양군 동남동쪽 5km 지역,36.98 
523,2018-03-10,2018,3,10,2.8,36.14 N,129.37 E,경북 포항시 북구 북쪽 11km 지역,36.14 
522,2018-03-09,2018,3,9,2.2,36.95 N,126.45 E,충남 서산시 북쪽 18km 지역,36.95 
521,2018-03-08,2018,3,8,2,35.31 N,127.32 E,전남 곡성군 북동쪽 4km 지역,35.31 
520,2018-03-08,2018,3,8,2,35.30 N,127.33 E,전남 곡성군 동북동쪽 4km 지역,35.30 
519,2018-03-04,2018,3,4,2.6,38.13 N,130.33 E,경북 울릉군 북서쪽 88km 해역,38.13 
518,2018-02-27,2018,2,27,2.4,37.09 N,124.87 E,충남 태안군 서격렬비도 북서쪽 80km 해역,37.09 
517,2018-02-26,2018,2,26,2.5,34.52 N,125.32 E,전남 신안군 흑산면 남서쪽 20km 해역,34.52 
516,2018-02-26,2018,2,26,2.4,33.97 N,126.87 E,전남 완도군 남남동쪽 39km 해역,33.97 
515,2018-02-18,2018,2,18,2.4,36.07 N,129.33 E,경북 포항시 북구 북서쪽 4km 지역,36.07 
514,2018-02-17,2018,2,17,2.2,36.10 N,129.35 E,경북 포항시 북구 북북서쪽 6km 지역,36.10 
513,2018-02-17,2018,2,17,2.6,36.09 N,129.33 E,경북 포항시 북구 북북서쪽 6km 지역,36.09 
512,2018-02-17,2018,2,17,2,36.11 N,129.37 E,경북 포항시 북구 북쪽 8km 지역,36.11 
511,2018-02-14,2018,2,14,2.3,37.80 N,125.38 E,북한 황해남도 옹진 남쪽 14km 해역,37.80 
510,2018-02-13,2018,2,13,2.5,36.12 N,129.37 E,경북 포항시 북구 북쪽 9km 지역,36.12 
509,2018-02-13,2018,2,13,2.6,36.07 N,129.33 E,경북 포항시 북구 북서쪽 5km 지역,36.07 
508,2018-02-11,2018,2,11,2.4,36.08 N,129.33 E,경북 포항시 북구 북서쪽 5km 지역,36.08 
507,2018-02-11,2018,2,11,2.1,36.08 N,129.32 E,경북 포항시 북구 북서쪽 6km 지역,36.08 
506,2018-02-11,2018,2,11,2.1,36.08 N,129.34 E,경북 포항시 북구 북북서쪽 5km 지역,36.08 
505,2018-02-11,2018,2,11,2.1,36.09 N,129.32 E,경북 포항시 북구 북서쪽 7km 지역,36.09 
504,2018-02-11,2018,2,11,2.1,36.07 N,129.32 E,경북 포항시 북구 북서쪽 5km 지역,36.07 
503,2018-02-11,2018,2,11,2.2,36.08 N,129.33 E,경북 포항시 북구 북서쪽 5km 지역,36.08 
502,2018-02-11,2018,2,11,2.2,36.07 N,129.34 E,경북 포항시 북구 북서쪽 4km 지역,36.07 
501,2018-02-11,2018,2,11,2.5,36.08 N,129.33 E,경북 포항시 북구 북서쪽 5km 지역,36.08 
500,2018-02-11,2018,2,11,4.6,36.08 N,129.33 E,경북 포항시 북구 북서쪽 5km 지역,36.08 
499,2018-02-10,2018,2,10,2.4,36.60 N,125.76 E,충남 태안군 서격렬비도 동쪽 20km 해역,36.60 
498,2018-02-09,2018,2,9,2.5,33.92 N,125.22 E,전남 신안군 흑산면 남남서쪽 85km 해역,33.92 
497,2018-02-08,2018,2,8,2.7,35.10 N,124.99 E,전남 신안군 흑산면 북서쪽 67km 해역,35.10 
496,2018-02-08,2018,2,8,2.7,41.32 N,129.09 E,북한 함경북도 길주 북북서쪽 45km 지역,41.32 
495,2018-02-06,2018,2,6,2.6,41.33 N,129.10 E,북한 함경북도 길주 북북서쪽 46Km 지역,41.33 
494,2018-02-06,2018,2,6,2.5,36.08 N,129.33 E,경북 포항시 북구 북서쪽 5km 지역,36.08 
493,2018-02-04,2018,2,4,2.3,36.06 N,129.31 E,경북 포항시 북구 서북서쪽 5km 지역,36.06 
492,2018-02-04,2018,2,4,2.8,36.37 N,127.62 E,충북 옥천군 북북동쪽 8km 지역,36.37 
491,2018-02-04,2018,2,4,2.1,36.11 N,129.36 E,경북 포항시 북구 북쪽 8km 지역,36.11 
490,2018-02-03,2018,2,3,2.6,33.77 N,127.40 E,전남 여수시 거문도 남남동쪽 30km 해역,33.77 
489,2018-02-03,2018,2,3,2,36.14 N,129.36 E,경북 포항시 북구 북쪽 11km 지역,36.14 
488,2018-02-02,2018,2,2,2.9,36.12 N,129.37 E,경북 포항시 북구 북쪽 9km 지역,36.12 
487,2018-01-28,2018,1,28,3.2,40.24 N,127.30 E,북한 함경남도 장진 남남동쪽 16km 지역,40.24 
486,2018-01-24,2018,1,24,2.4,34.32 N,127.32 E,전남 여수시 거문도 북쪽 32km 해역,34.32 
485,2018-01-10,2018,1,10,2,36.26 N,127.34 E,대전 서구 남남서쪽 12km 지역,36.26 
484,2018-01-09,2018,1,9,2.1,33.98 N,127.11 E,전남 여수시 거문도 서남서쪽 19km 해역,33.98 
483,2018-01-06,2018,1,6,2.2,37.71 N,125.94 E,북한 인천 옹진군 연평도 동북동쪽 21km 해역,37.71 
482,2018-01-01,2018,1,1,2,36.11 N,129.36 E,경북 포항시 북구 북쪽 8km 지역,36.11 
481,2018-01-01,2018,1,1,2.1,38.33 N,126.16 E,북한 황해북도 평산 서쪽 20km 지역,38.33 
480,2017-12-30,2017,12,30,2,35.76 N,129.17 E,경북 경주시 남남서쪽 9km 지역,35.76 
479,2017-12-29,2017,12,29,2.1,36.11 N,129.34 E,경북 포항시 북구 북북서쪽 8km 지역,36.11 
478,2017-12-27,2017,12,27,2.3,36.11 N,129.36 E,경북 포항시 북구 북쪽 7km 지역,36.11 
477,2017-12-27,2017,12,27,2.8,36.11 N,129.36 E,경북 포항시 북구 북쪽 7km 지역,36.11 
476,2017-12-26,2017,12,26,2.2,36.14 N,129.37 E,경북 포항시 북구 북쪽 11km 지역,36.14 
475,2017-12-25,2017,12,25,2.1,36.11 N,129.36 E,경북 포항시 북구 북쪽 7km 지역,36.11 
474,2017-12-25,2017,12,25,3.5,36.11 N,129.36 E,경북 포항시 북구 북쪽 8km 지역,36.11 
473,2017-12-22,2017,12,22,2.2,39.31 N,127.15 E,북한 함경남도 고원 남남서쪽 15km 지역,39.31 
472,2017-12-21,2017,12,21,2,36.72 N,128.01 E,경북 문경시 북서쪽 21km 지역,36.72 
471,2017-12-20,2017,12,20,2.3,36.09 N,125.64 E,충남 태안군 서격렬비도 남쪽 57km 해역,36.09 
470,2017-12-19,2017,12,19,2.1,35.77 N,129.42 E,경북 경주시 동남동쪽 20km 지역,35.77 
469,2017-12-12,2017,12,12,2.5,38.32 N,126.18 E,북한 황해북도 평산 서쪽 19km 지역,38.32 
468,2017-12-09,2017,12,9,2.3,35.61 N,129.99 E,울산 동구 동북동쪽 54km 해역,35.61 
467,2017-12-09,2017,12,9,2.8,41.31 N,129.11 E,북한 함경북도 길주 북북서쪽 43km 지역,41.31 
466,2017-12-09,2017,12,9,3,41.32 N,129.10 E,북한 함경북도 길주 북북서쪽 45km 지역,41.32 
465,2017-12-09,2017,12,9,2.3,36.10 N,129.35 E,경북 포항시 북구 북북서쪽 7km 지역,36.10 
464,2017-12-09,2017,12,9,2.2,36.10 N,129.35 E,경북 포항시 북구 북북서쪽 7km 지역,36.10 
463,2017-12-05,2017,12,5,2.7,41.32 N,129.13 E,북한 함경북도 길주 북북서쪽 44km 지역,41.32 
462,2017-12-05,2017,12,5,2.1,36.02 N,129.45 E,경북 포항시 남구 동쪽 9km 해역,36.02 
461,2017-12-04,2017,12,4,2.5,33.42 N,127.15 E,제주 서귀포시 성산 동쪽 25km 해역,33.42 
460,2017-12-03,2017,12,3,2.1,36.75 N,128.82 E,경북 안동시 북북동쪽 22km 지역,36.75 
459,2017-12-02,2017,12,2,2.5,41.32 N,129.20 E,북한 함경북도 길주 북북서쪽 43km 지역,41.32 
458,2017-12-01,2017,12,1,2.7,33.24 N,127.32 E,제주 서귀포시 성산 동남동쪽 44km 해역,33.24 
457,2017-12-01,2017,12,1,2.4,36.10 N,129.35 E,경북 포항시 북구 북북서쪽 7km 지역,36.10 
456,2017-11-26,2017,11,26,2.9,36.69 N,124.65 E,충남 태안군 서격렬비도 서쪽 79km 해역,36.69 
455,2017-11-25,2017,11,25,2.3,36.11 N,129.35 E,경북 포항시 북구 북쪽 7km 지역,36.11 
454,2017-11-25,2017,11,25,2,36.10 N,129.35 E,경북 포항시 북구 북쪽 7km 지역,36.10 
453,2017-11-24,2017,11,24,2.3,34.05 N,125.57 E,전남 신안군 흑산면 남쪽 68km 해역,34.05 
452,2017-11-24,2017,11,24,2.3,36.11 N,129.35 E,경북 포항시 북구 북쪽 7km 지역,36.11 
451,2017-11-24,2017,11,24,2.6,37.23 N,125.04 E,인천 옹진군 연평도 남서쪽 76km 해역,37.23 
450,2017-11-23,2017,11,23,2.3,36.11 N,129.37 E,경북 포항시 북구 북쪽 8km 지역,36.11 
449,2017-11-22,2017,11,22,2,36.12 N,129.35 E,경북 포항시 북구 북쪽 9km 지역,36.12 
448,2017-11-22,2017,11,22,2.5,36.10 N,129.35 E,경북 포항시 북구 북북서쪽 6km 지역,36.10 
447,2017-11-21,2017,11,21,2.4,36.11 N,129.33 E,경북 포항시 북구 북북서쪽 8km 지역,36.11 
446,2017-11-21,2017,11,21,2.1,36.09 N,129.34 E,경북 포항시 북구 북북서쪽 5km 지역,36.09 
445,2017-11-21,2017,11,21,2,36.09 N,129.35 E,경북 포항시 북구 북쪽 6km 지역,36.09 
444,2017-11-20,2017,11,20,3.6,36.14 N,129.36 E,경북 포항시 북구 북쪽 11km 지역,36.14 
443,2017-11-19,2017,11,19,3.5,36.12 N,129.36 E,경북 포항시 북구 북쪽 9km 지역,36.12 
442,2017-11-19,2017,11,19,2.2,36.09 N,129.34 E,경북 포항시 북구 북북서쪽 6km 지역,36.09 
441,2017-11-19,2017,11,19,2.1,36.12 N,129.38 E,경북 포항시 북구 북쪽 9km 지역,36.12 
440,2017-11-19,2017,11,19,2.4,36.09 N,129.35 E,경북 포항시 북구 북북서쪽 6km 지역,36.09 
439,2017-11-19,2017,11,19,2,36.11 N,129.34 E,경북 포항시 북구 북북서쪽 8km 지역,36.11 
438,2017-11-17,2017,11,17,2.6,36.10 N,129.35 E,경북 포항시 북구 북북서쪽 6km 지역,36.10 
437,2017-11-17,2017,11,17,2.1,36.12 N,129.37 E,경북 포항시 북구 북쪽 8km지역,36.12 
436,2017-11-17,2017,11,17,2.1,36.08 N,129.33 E,경북 포항시 북구 북북서쪽 6km지역,36.08 
435,2017-11-16,2017,11,16,2.4,36.12 N,129.36 E,경북 포항시 북구 북쪽 9km지역,36.12 
434,2017-11-16,2017,11,16,2.2,36.12 N,129.36 E,경북 포항시 북구 북쪽 9km지역,36.12 
433,2017-11-16,2017,11,16,2,36.11 N,129.37 E,경북 포항시 북구 북쪽 7km지역,36.11 
432,2017-11-16,2017,11,16,2.4,36.12 N,129.36 E,경북 포항시 북구 북쪽 8km 지역,36.12 
431,2017-11-16,2017,11,16,2,36.10 N,129.34 E,경북 포항시 북구 북북서쪽 7km 지역,36.10 
430,2017-11-16,2017,11,16,2.3,36.13 N,129.37 E,경북 포항시 북구 북쪽 10km 지역,36.13 
429,2017-11-16,2017,11,16,2.3,36.10 N,129.35 E,경북 포항시 북구 북북서쪽 6km 지역,36.10 
428,2017-11-16,2017,11,16,2.1,36.12 N,129.37 E,경북 포항시 북구 북쪽 9km 지역,36.12 
427,2017-11-16,2017,11,16,3.6,36.12 N,129.37 E,경북 포항시 북구 북쪽 8km 지역,36.12 
426,2017-11-16,2017,11,16,2.5,36.09 N,129.34 E,경북 포항시 북구 북북서쪽 6km 지역,36.09 
425,2017-11-16,2017,11,16,2,36.08 N,129.34 E,경북 포항시 북구 북북서쪽 5km 지역,36.08 
424,2017-11-16,2017,11,16,2.3,36.14 N,129.37 E,경북 포항시 북구 북쪽 11km 지역,36.14 
423,2017-11-16,2017,11,16,2.5,36.14 N,129.36 E,경북 포항시 북구 북쪽 10km 지역,36.14 
422,2017-11-16,2017,11,16,2.1,36.09 N,129.35 E,경북 포항시 북구 북북서쪽 6km 지역,36.09 
421,2017-11-16,2017,11,16,2,36.09 N,129.35 E,경북 포항시 북구 북북서쪽 6km 지역,36.09 
420,2017-11-16,2017,11,16,2.4,36.14 N,129.35 E,경북 포항시 북구 북쪽 10km 지역,36.14 
419,2017-11-15,2017,11,15,2.1,36.13 N,129.38 E,경북 포항시 북구 북쪽 10km 지역,36.13 
418,2017-11-15,2017,11,15,2,36.10 N,129.36 E,경북 포항시 북구 북쪽 6km 지역,36.10 
417,2017-11-15,2017,11,15,2.1,36.10 N,129.36 E,경북 포항시 북구 북쪽 7km 지역,36.10 
416,2017-11-15,2017,11,15,2.1,36.14 N,129.38 E,경북 포항시 북구 북쪽 11km 지역,36.14 
415,2017-11-15,2017,11,15,2.1,36.14 N,129.36 E,경북 포항시 북구 북쪽 10km 지역,36.14 
414,2017-11-15,2017,11,15,2,36.11 N,129.36 E,경북 포항시 북구 북쪽 8km 지역,36.11 
413,2017-11-15,2017,11,15,2.4,36.10 N,129.35 E,경북 포항시 북구 북북서쪽 7km 지역,36.10 
412,2017-11-15,2017,11,15,2.1,36.11 N,129.35 E,경북 포항시 북구 북쪽 8km 지역,36.11 
411,2017-11-15,2017,11,15,2.2,36.10 N,129.35 E,경북 포항시 북구 북북서쪽 7km 지역,36.10 
410,2017-11-15,2017,11,15,2.3,36.11 N,129.35 E,경북 포항시 북구 북북서쪽 8km 지역,36.11 
409,2017-11-15,2017,11,15,2,36.14 N,129.38 E,경북 포항시 북구 북쪽 11km 지역,36.14 
408,2017-11-15,2017,11,15,2.1,36.14 N,129.38 E,경북 포항시 북구 북쪽 11km 지역,36.14 
407,2017-11-15,2017,11,15,2.1,36.09 N,129.32 E,경북 포항시 북구 북서쪽 6km 지역,36.09 
406,2017-11-15,2017,11,15,2.2,36.14 N,129.37 E,경북 포항시 북구 북쪽 11km 지역,36.14 
405,2017-11-15,2017,11,15,2.8,36.08 N,129.31 E,경북 포항시 북구 북서쪽 7km 지역,36.08 
404,2017-11-15,2017,11,15,2.2,36.14 N,129.37 E,경북 포항시 북구 북쪽 11km 지역,36.14 
403,2017-11-15,2017,11,15,4.3,36.12 N,129.36 E,경북 포항시 북구 북쪽 9km 지역,36.12 
402,2017-11-15,2017,11,15,2,36.14 N,129.36 E,경북 포항시 북구 북쪽 11km 지역,36.14 
401,2017-11-15,2017,11,15,2.4,36.09 N,129.35 E,경북 포항시 북구 북북서쪽 6km 지역,36.09 
400,2017-11-15,2017,11,15,2.9,36.13 N,129.36 E,경북 포항시 북구 북쪽 10km 지역,36.13 
399,2017-11-15,2017,11,15,2.2,36.12 N,129.37 E,경북 포항시 북구 북쪽 9km 지역,36.12 
398,2017-11-15,2017,11,15,2.3,36.09 N,129.33 E,경북 포항시 북구 북북서쪽 6km 지역,36.09 
397,2017-11-15,2017,11,15,2.6,36.09 N,129.35 E,경북 포항시 북구 북북서쪽 6km 지역,36.09 
396,2017-11-15,2017,11,15,2.4,36.14 N,129.38 E,경북 포항시 북구 북쪽 11km 지역,36.14 
395,2017-11-15,2017,11,15,2.5,36.11 N,129.35 E,경북 포항시 북구 북쪽 8km 지역,36.11 
394,2017-11-15,2017,11,15,3.5,36.09 N,129.34 E,경북 포항시 북구 북북서쪽 6km 지역,36.09 
393,2017-11-15,2017,11,15,2.9,36.11 N,129.35 E,경북 포항시 북구 북쪽 7km 지역,36.11 
392,2017-11-15,2017,11,15,2.9,36.12 N,129.37 E,경북 포항시 북구 북쪽 9km 지역,36.12 
391,2017-11-15,2017,11,15,2.8,36.10 N,129.35 E,경북 포항시 북구 북북서쪽 7km 지역,36.10 
390,2017-11-15,2017,11,15,2.4,36.11 N,129.35 E,경북 포항시 북구 북쪽 8km 지역,36.11 
389,2017-11-15,2017,11,15,2.4,36.10 N,129.36 E,경북 포항시 북구 북쪽 6km 지역,36.10 
388,2017-11-15,2017,11,15,2.5,36.12 N,129.39 E,경북 포항시 북구 북북동쪽 9km 지역,36.12 
387,2017-11-15,2017,11,15,3.6,36.10 N,129.36 E,경북 포항시 북구 북쪽 7km 지역,36.10 
386,2017-11-15,2017,11,15,5.4,36.11 N,129.37 E,경북 포항시 북구 북쪽 8km 지역,36.11 
385,2017-11-15,2017,11,15,2.6,36.08 N,129.31 E,경북 포항시 북구 북서쪽 7km 지역,36.08 
384,2017-11-15,2017,11,15,2.2,36.11 N,129.36 E,경북 포항시 북구 북쪽 7km 지역,36.11 
383,2017-11-14,2017,11,14,2.7,37.29 N,124.82 E,인천 백령도 남쪽 75km 해역,37.29 
382,2017-11-11,2017,11,11,2.2,34.84 N,127.46 E,전남 순천시 남남서쪽 12km 지역,34.84 
381,2017-11-09,2017,11,9,2,35.75 N,129.18 E,경북 경주시 남남서쪽 10km 지역,35.75 
380,2017-11-08,2017,11,8,2,35.16 N,128.57 E,경남 창원 마산합포구 남쪽 4km 지역,35.16 
379,2017-11-08,2017,11,8,2.5,33.05 N,126.20 E,제주 제주시 고산 남쪽 28km 해역,33.05 
378,2017-10-30,2017,10,30,2.1,36.42 N,126.48 E,충남 보령시 북서쪽 15km 해역,36.42 
377,2017-10-29,2017,10,29,2.2,34.39 N,127.34 E,전남 고흥군 남남동쪽 25km 해역,34.39 
376,2017-10-21,2017,10,21,2.7,33.63 N,126.05 E,제주 제주시 고산 북북서쪽 39km 해역,33.63 
375,2017-10-20,2017,10,20,2.2,38.44 N,126.16 E,북한 황해북도 평산 서북서쪽 24km 지역,38.44 
374,2017-10-20,2017,10,20,2,35.90 N,127.54 E,전북 진안군 북동쪽 15km 지역,35.90 
373,2017-10-18,2017,10,18,2.6,36.59 N,129.45 E,경북 영덕군 북북동쪽 20km 해역,36.59 
372,2017-10-16,2017,10,16,2.5,35.79 N,129.19 E,경북 경주시 남남서쪽 6km 지역,35.79 
371,2017-10-16,2017,10,16,2.8,33.86 N,125.30 E,전남 신안군 흑산면 남쪽 89km 해역,33.86 
370,2017-10-13,2017,10,13,2.7,41.39 N,129.03 E,북한 함경북도 길주 북북서쪽 54km 지역,41.39 
369,2017-10-08,2017,10,8,2.8,34.84 N,127.25 E,전남 보성군 동북동쪽 17km 지역,34.84 
368,2017-10-04,2017,10,4,2.1,36.16 N,127.13 E,충남 논산시 남동쪽 4km 지역,36.16 
367,2017-10-04,2017,10,4,2.4,35.56 N,129.88 E,울산 동구 동쪽 42km 해역,35.56 
366,2017-09-30,2017,9,30,2.5,33.42 N,127.15 E,제주 서귀포시 성산 동쪽 25km 해역,33.42 
365,2017-09-23,2017,9,23,3.2,41.35 N,129.06 E,북한 함경북도 길주 북북서쪽 49km 지역,41.35 
364,2017-09-23,2017,9,23,2.6,41.35 N,129.06 E,북한 함경북도 길주 북북서쪽 49km 지역,41.35 
363,2017-09-16,2017,9,16,2.2,34.25 N,127.13 E,전남 여수시 거문도 북서쪽 29km 해역,34.25 
362,2017-09-11,2017,9,11,3.2,35.29 N,124.16 E,전남 신안군 흑산면 서북서쪽 139km 해역,35.29 
361,2017-09-07,2017,9,7,2.9,37.60 N,125.34 E,인천 옹진군 연평도 서남서쪽 33km 해역,37.60 
360,2017-09-01,2017,9,1,2.1,36.42 N,127.21 E,충남 공주시 동남동쪽 9km 지역,36.42 
359,2017-08-29,2017,8,29,2.4,35.31 N,125.36 E,전남 영광군 안마도 서쪽 61km 해역,35.31 
358,2017-08-21,2017,8,21,2.1,38.82 N,126.13 E,북한 평양 동남동쪽 39km 지역,38.82 
357,2017-08-16,2017,8,16,2.5,38.73 N,125.69 E,북한 황해북도 송림 동쪽 5km 지역,38.73 
356,2017-08-15,2017,8,15,2.6,38.73 N,125.67 E,북한 황해북도 송림 동쪽 3km 지역,38.73 
355,2017-08-09,2017,8,9,2.7,33.87 N,125.52 E,전남 신안군 흑산면 남쪽 87km 해역,33.87 
354,2017-08-07,2017,8,7,2.6,38.70 N,125.63 E,북한 황해북도 송림 남남서쪽 4km 지역,38.70 
353,2017-07-20,2017,7,20,2,37.39 N,129.54 E,강원 삼척시 동남동쪽 33km 해역,37.39 
352,2017-07-19,2017,7,19,2.2,33.77 N,126.12 E,제주 제주시 북서쪽 48km 해역,33.77 
351,2017-07-18,2017,7,18,2.7,37.69 N,126.19 E,인천 강화군 서남서쪽 27km 해역,37.69 
350,2017-07-09,2017,7,9,2.1,33.51 N,125.73 E,제주 제주시 고산 서북서쪽 47km 해역,33.51 
349,2017-07-08,2017,7,8,2.8,40.40 N,127.29 E,북한 함경남도 장진 동북동쪽 5km 지역,40.40 
348,2017-07-06,2017,7,6,2.4,36.00 N,127.94 E,경북 김천시 남서쪽 22km 지역,36.00 
347,2017-07-05,2017,7,5,2.5,35.99 N,127.97 E,경북 김천시 남서쪽 21km 지역,35.99 
346,2017-06-28,2017,6,28,2.7,40.00 N,125.81 E,북한 평안북도 영변 북쪽 22km 지역,40.00 
345,2017-06-27,2017,6,27,2,35.77 N,129.20 E,경북 경주시 남남서쪽 8km 지역,35.77 
344,2017-06-20,2017,6,20,2,35.85 N,129.08 E,경북 경주시 서쪽 12km 지역,35.85 
343,2017-06-17,2017,6,17,2.3,33.38 N,127.21 E,제주 서귀포시 성산 동쪽 30km 해역,33.38 
342,2017-06-15,2017,6,15,2.4,36.54 N,125.07 E,충남 태안군 서격렬비도 서쪽 42km 해역,36.54 
341,2017-06-14,2017,6,14,2.2,38.34 N,126.14 E,북한 황해북도 평산 서쪽 22km 지역,38.34 
340,2017-06-13,2017,6,13,2.1,35.74 N,129.18 E,경북 경주시 남남서쪽 11km 지역,35.74 
339,2017-06-11,2017,6,11,2.5,35.77 N,129.17 E,경북 경주시 남남서쪽 9km 지역,35.77 
338,2017-06-11,2017,6,11,2,37.28 N,129.21 E,강원 삼척시 남남동쪽 19km 지역,37.28 
337,2017-06-04,2017,6,4,2.1,36.83 N,128.10 E,충북 충주시 남동쪽 24km 지역,36.83 
336,2017-05-28,2017,5,28,2.7,35.67 N,129.56 E,울산 북구 동북동쪽 20km 해역,35.67 
335,2017-05-25,2017,5,25,3,36.96 N,124.40 E,충남 태안군 서격렬비도 서북서쪽 109km 해역,36.96 
334,2017-05-20,2017,5,20,2.9,37.73 N,129.62 E,강원 동해시 동북동쪽 50km 해역,37.73 
333,2017-05-20,2017,5,20,2,35.92 N,128.27 E,경북 성주군 북서쪽 1km 지역,35.92 
332,2017-05-16,2017,5,16,2.2,36.60 N,128.92 E,경북 안동시 동북동쪽 17km 지역,36.60 
331,2017-05-16,2017,5,16,2.1,36.85 N,124.55 E,충남 태안군 서격렬비도 서북서쪽 92km 해역,36.85 
330,2017-05-13,2017,5,13,2.8,36.61 N,129.44 E,경북 영덕군 북북동쪽 23km 해역,36.61 
329,2017-05-10,2017,5,10,2.1,36.61 N,129.45 E,경북 영덕군 북북동쪽 23km 해역,36.61 
328,2017-05-10,2017,5,10,2.5,35.88 N,126.19 E,전북 부안군 위도 북북서쪽 32km 해역,35.88 
327,2017-05-05,2017,5,5,3,35.32 N,127.43 E,전남 구례군 북북서쪽 13km 지역,35.32 
326,2017-05-05,2017,5,5,2,36.73 N,128.10 E,경북 문경시 북북서쪽 18km 지역,36.73 
325,2017-05-04,2017,5,4,2.4,36.74 N,128.10 E,경북 문경시 북북서쪽 18km 지역,36.74 
324,2017-05-04,2017,5,4,2.6,36.61 N,129.44 E,경북 영덕군 북북동쪽 22km 해역,36.61 
323,2017-04-28,2017,4,28,2.1,36.60 N,128.81 E,경북 안동시 동북동쪽 8km 지역,36.60 
322,2017-04-28,2017,4,28,2.4,33.33 N,127.85 E,제주 서귀포시 성산 동쪽 90km 해역,33.33 
321,2017-04-20,2017,4,20,3.2,33.77 N,127.28 E,전남 여수시 거문도 남쪽 29km 해역,33.77 
320,2017-04-18,2017,4,18,2.1,35.50 N,128.88 E,경남 밀양시 동쪽 12km 지역,35.50 
319,2017-04-18,2017,4,18,2,35.76 N,129.18 E,경북 경주시 남남서쪽 9km 지역,35.76 
318,2017-04-16,2017,4,16,2.2,36.70 N,125.18 E,충남 태안군 서격렬비도 서북서쪽 33km 해역,36.70 
317,2017-04-15,2017,4,15,2,36.11 N,129.37 E,경북 포항시 북구 북쪽 8km 지역,36.11 
316,2017-04-15,2017,4,15,3.1,36.11 N,129.36 E,경북 포항시 북구 북쪽 8km 지역,36.11 
315,2017-04-15,2017,4,15,2.2,35.76 N,129.18 E,경북 경주시 남남서쪽 9km 지역,35.76 
314,2017-04-10,2017,4,10,2.3,35.16 N,128.77 E,경남 창원시 진해구 동북동쪽 6km 지역,35.16 
313,2017-04-09,2017,4,9,2.4,38.99 N,126.20 E,북한 평안남도 성천 남쪽 28km 지역,38.99 
312,2017-04-09,2017,4,9,2.1,35.76 N,129.20 E,경북 경주시 남쪽 9km 지역,35.76 
311,2017-04-08,2017,4,8,2.1,38.72 N,125.61 E,북한 황해북도 송림 북북서쪽 2km 지역,38.72 
310,2017-04-08,2017,4,8,2.7,35.76 N,129.18 E,경북 경주시 남남서쪽 9km 지역,35.76 
309,2017-04-07,2017,4,7,2,35.97 N,127.80 E,전북 무주군 동남동쪽 13km 지역,35.97 
308,2017-04-04,2017,4,4,2.2,35.67 N,129.85 E,울산 동구 동북동쪽 43km 해역,35.67 
307,2017-04-01,2017,4,1,2.2,35.78 N,129.20 E,경북 경주시 남남서쪽 7km 지역,35.78 
306,2017-03-31,2017,3,31,2.5,35.78 N,129.20 E,경북 경주시 남남서쪽 6km 지역,35.78 
305,2017-03-31,2017,3,31,3.3,35.78 N,129.20 E,경북 경주시 남남서쪽 7km 지역,35.78 
304,2017-03-30,2017,3,30,2,35.76 N,129.19 E,경북 경주시 남남서쪽 9km 지역,35.76 
303,2017-03-28,2017,3,28,2,35.79 N,129.20 E,경북 경주시 남남서쪽 5km 지역,35.79 
302,2017-03-28,2017,3,28,2.2,37.17 N,125.48 E,인천 옹진군 연평도 남남서쪽 58km 해역,37.17 
301,2017-03-27,2017,3,27,2,35.21 N,126.95 E,광주 북구 북동쪽 5km 지역,35.21 
300,2017-03-21,2017,3,21,2.4,38.52 N,126.03 E,북한 황해북도 사리원 동쪽 23km 지역,38.52 
299,2017-03-19,2017,3,19,2.9,33.32 N,127.18 E,제주 서귀포시 성산 동남동쪽 29km 해역,33.32 
298,2017-03-14,2017,3,14,2.1,34.64 N,127.78 E,전남 여수시 남동쪽 17km 지역,34.64 
297,2017-03-09,2017,3,9,2,35.82 N,129.78 E,경북 포항시 남구 동남동쪽 43km 해역,35.82 
296,2017-03-07,2017,3,7,2.6,37.75 N,129.71 E,강원 동해시 동북동쪽 58km 해역,37.75 
295,2017-03-07,2017,3,7,2.2,36.30 N,128.23 E,경북 구미시 북북서쪽 23km 지역,36.30 
294,2017-03-06,2017,3,6,2,35.75 N,126.10 E,전북 부안군 위도 북서쪽 24km 해역,35.75 
293,2017-03-05,2017,3,5,2.1,37.77 N,129.70 E,강원 동해시 동북동쪽 58km 해역,37.77 
292,2017-03-05,2017,3,5,2.1,37.72 N,129.59 E,강원 동해시 동북동쪽 47km 해역,37.72 
291,2017-03-05,2017,3,5,2.4,37.74 N,129.69 E,강원 동해시 동북동쪽 56km 해역,37.74 
290,2017-03-05,2017,3,5,3.2,37.75 N,129.66 E,강원 동해시 동북동쪽 54km 해역,37.75 
289,2017-03-05,2017,3,5,2.4,35.75 N,129.17 E,경북 경주시 남남서쪽 11km 지역,35.75 
288,2017-03-04,2017,3,4,2.3,35.99 N,127.95 E,경북 김천시 남서쪽 22km 지역,35.99 
287,2017-02-25,2017,2,25,2.4,35.74 N,129.18 E,경북 경주시 남남서쪽 11km 지역,35.74 
286,2017-02-25,2017,2,25,2.2,35.74 N,129.17 E,경북 경주시 남남서쪽 12km 지역,35.74 
285,2017-02-24,2017,2,24,2.5,38.89 N,126.09 E,북한 평양 동남동쪽 33km 지역,38.89 
284,2017-02-24,2017,2,24,2.3,36.38 N,127.79 E,충북 옥천군 동북동쪽 21km 지역,36.38 
283,2017-02-23,2017,2,23,3.1,37.40 N,124.89 E,인천 백령도 남남동쪽 64km 해역,37.40 
282,2017-02-22,2017,2,22,2.1,35.77 N,129.18 E,경북 경주시 남남서쪽 8km 지역,35.77 
281,2017-02-21,2017,2,21,2.1,35.76 N,129.20 E,경북 경주시 남쪽 9km 지역,35.76 
280,2017-02-18,2017,2,18,2.4,35.23 N,126.94 E,광주 북구 북북동쪽 7km 지역,35.23 
279,2017-02-18,2017,2,18,2,33.23 N,126.18 E,제주 서귀포시 서쪽 35km 해역,33.23 
278,2017-02-16,2017,2,16,2.3,35.64 N,128.09 E,경남 합천군 북서쪽 11km 지역,35.64 
277,2017-02-16,2017,2,16,2.9,35.78 N,129.20 E,경북 경주시 남남서쪽 7km 지역,35.78 
276,2017-02-12,2017,2,12,2.3,35.69 N,129.58 E,울산 북구 동북동쪽 23km 해역,35.69 
275,2017-02-10,2017,2,10,2.6,38.54 N,125.84 E,북한 황해북도 사리원 동북동쪽 8km 지역,38.54 
274,2017-02-10,2017,2,10,2.2,35.65 N,129.57 E,울산 북구 동북동쪽 20km 해역,35.65 
273,2017-02-05,2017,2,5,2.6,39.61 N,127.64 E,북한 함경남도 함흥 남남동쪽 34km 해역,39.61 
272,2017-02-05,2017,2,5,2.5,33.61 N,126.73 E,제주 제주시 동북동쪽 22km 해역,33.61 
271,2017-01-29,2017,1,29,2.6,38.70 N,127.16 E,북한 강원 평강 북북서쪽 34km 지역,38.70 
270,2017-01-26,2017,1,26,2,33.54 N,126.87 E,제주 제주시 동쪽 32km 해역,33.54 
269,2017-01-24,2017,1,24,2.6,35.77 N,129.17 E,경북 경주시 남남서쪽 9km 지역,35.77 
268,2017-01-21,2017,1,21,2.6,35.75 N,129.18 E,경북 경주시 남남서쪽 10km 지역,35.75 
267,2017-01-18,2017,1,18,2.5,35.02 N,125.06 E,전남 신안군 흑산면 북서쪽 56km 해역,35.02 
266,2017-01-17,2017,1,17,2.8,38.71 N,125.86 E,북한 황해북도 송림 동쪽 20km 지역,38.71 
265,2017-01-16,2017,1,16,2.1,36.33 N,126.59 E,충남 보령시 서쪽 2km 지역,36.33 
264,2017-01-16,2017,1,16,2.7,33.64 N,127.51 E,전남 여수시 거문도 남남동쪽 47km 해역,33.64 
263,2017-01-14,2017,1,14,2.2,35.17 N,127.79 E,경남 하동군 북북동쪽 12km 지역,35.17 
262,2017-01-11,2017,1,11,2.1,36.44 N,128.42 E,경북 의성군 서북서쪽 27km 지역,36.44 
261,2017-01-07,2017,1,7,2.4,38.69 N,125.73 E,북한 황해북도 송림 동남동쪽 10km 지역,38.69 
260,2017-01-06,2017,1,6,2.2,35.75 N,129.18 E,경북 경주시 남남서쪽 10km 지역,35.75 
259,2017-01-06,2017,1,6,3.3,35.75 N,129.17 E,경북 경주시 남남서쪽 11km 지역,35.75 
258,2017-01-04,2017,1,4,2.5,36.58 N,129.24 E,경북 영덕군 북북서쪽 22km 지역,36.58 
257,2016-12-31,2016,12,31,2.6,39.31 N,126.27 E,북한 평안남도 성천군 북북동쪽 9km 지역,39.31 
256,2016-12-30,2016,12,30,2.5,38.64 N,125.76 E,북한 황해북도 사리원시 북쪽 15km 지역,38.64 
255,2016-12-29,2016,12,29,2.3,36.12 N,129.36 E,경북 포항시 북구 북쪽 9km 지역,36.12 
254,2016-12-29,2016,12,29,2.6,38.71 N,125.76 E,북한 황해북도 송림시 동남동쪽 11km 지역,38.71 
253,2016-12-25,2016,12,25,2.5,35.78 N,129.31 E,경북 경주시 남동쪽 11km 지역,35.78 
252,2016-12-25,2016,12,25,2.4,35.25 N,129.39 E,부산 기장군 동쪽 15km 해역,35.25 
251,2016-12-23,2016,12,23,2.2,36.12 N,129.36 E,경북 포항시 북구 북쪽 9km 지역,36.12 
250,2016-12-22,2016,12,22,2.2,34.45 N,128.54 E,경남 통영시 매물도 남쪽 22km 해역,34.45 
249,2016-12-15,2016,12,15,2.1,35.76 N,129.19 E,경북 경주시 남남서쪽 9km 지역,35.76 
248,2016-12-14,2016,12,14,3.3,35.76 N,129.17 E,경북 경주시 남남서쪽 10km 지역,35.76 
247,2016-12-14,2016,12,14,2.1,36.54 N,128.08 E,경북 상주시 북북서쪽 16km 지역,36.54 
246,2016-12-12,2016,12,12,3.3,35.76 N,129.18 E,경북 경주시 남남서쪽 9km 지역,35.76 
245,2016-12-12,2016,12,12,2.2,35.76 N,129.18 E,경북 경주시 남남서쪽 9km 지역,35.76 
244,2016-12-11,2016,12,11,2.6,36.07 N,125.57 E,충남 태안군 서격렬비도 남쪽 59km 해역,36.07 
243,2016-12-10,2016,12,10,2,37.63 N,129.68 E,강원 삼척시 동북동쪽 50km 해역,37.63 
242,2016-12-10,2016,12,10,2.1,35.77 N,129.17 E,경북 경주시 남남서쪽 9km 지역,35.77 
241,2016-12-09,2016,12,9,2.4,35.69 N,129.36 E,경북 경주시 남동쪽 21km 지역,35.69 
240,2016-12-07,2016,12,7,2.4,37.18 N,125.48 E,인천 옹진군 연평도 남남서쪽 57km 해역,37.18 
239,2016-12-05,2016,12,5,2.1,35.81 N,129.72 E,경북 포항시 남구 남동쪽 39km 해역,35.81 
238,2016-12-05,2016,12,5,2.1,35.77 N,129.18 E,경북 경주시 남남서쪽 8km 지역,35.77 
237,2016-12-02,2016,12,2,2.1,35.76 N,129.19 E,경북 경주시 남남서쪽 9km 지역,35.76 
236,2016-11-29,2016,11,29,2.9,33.40 N,125.72 E,제주 제주시 고산 서북서쪽 43km 해역,33.40 
235,2016-11-28,2016,11,28,2.2,38.49 N,126.14 E,북한 황해북도 평산군 북서쪽 28km 지역,38.49 
234,2016-11-28,2016,11,28,2.4,35.77 N,129.19 E,경북 경주시 남남서쪽 8km 지역,35.77 
233,2016-11-27,2016,11,27,2.2,36.02 N,127.39 E,충남 금산군 남서쪽 13km 지역,36.02 
232,2016-11-27,2016,11,27,2.5,36.34 N,127.33 E,대전 유성구 남서쪽 3km 지역,36.34 
231,2016-11-25,2016,11,25,2.3,35.75 N,129.17 E,경북 경주시 남남서쪽 11km 지역,35.75 
230,2016-11-19,2016,11,19,2.1,35.76 N,129.19 E,경북 경주시 남남서쪽 9km 지역,35.76 
229,2016-11-18,2016,11,18,2,35.51 N,128.09 E,경남 합천군 남서쪽 9km 지역,35.51 
228,2016-11-16,2016,11,16,2.1,34.86 N,125.08 E,전남 신안군 흑산면 서북서쪽 43km 해역,34.86 
227,2016-11-15,2016,11,15,2,35.76 N,129.19 E,경북 경주시 남남서쪽 9km 지역,35.76 
226,2016-11-15,2016,11,15,2.5,38.35 N,128.09 E,북한 강원도 금강군 남남동쪽 29km 지역,38.35 
225,2016-11-13,2016,11,13,3.5,36.36 N,126.63 E,충남 보령시 북북동쪽 4km 지역,36.36 
224,2016-11-13,2016,11,13,2.3,38.76 N,125.66 E,북한 황해북도 송림시 북동쪽 3km 지역,38.76 
223,2016-11-10,2016,11,10,2.5,36.46 N,129.89 E,경북 영덕군 동쪽 47km 해역,36.46 
222,2016-11-09,2016,11,9,2.3,36.55 N,129.60 E,경북 영덕군 북동쪽 26km 해역,36.55 
221,2016-11-08,2016,11,8,2.3,36.18 N,128.50 E,경북 구미시 동북동쪽 15km 지역,36.18 
220,2016-11-06,2016,11,6,3.5,33.76 N,125.07 E,전남 신안군 흑산면 남남서쪽 106km 해역,33.76 
219,2016-11-03,2016,11,3,2.6,35.32 N,128.49 E,경남 함안군 북동쪽 9km 지역,35.32 
218,2016-11-03,2016,11,3,2.3,35.76 N,129.19 E,경북 경주시 남남서쪽 9km 지역,35.76 
217,2016-11-03,2016,11,3,2.3,35.76 N,129.19 E,경북 경주시 남남서쪽 9km 지역,35.76 
216,2016-11-03,2016,11,3,2.1,35.75 N,129.18 E,경북 경주시 남남서쪽 10km 지역,35.75 
215,2016-11-02,2016,11,2,2.3,33.53 N,126.88 E,제주 제주시 동쪽 33km 지역,33.53 
214,2016-10-25,2016,10,25,2.4,35.70 N,129.37 E,경북 경주시 남동쪽 21km 지역,35.70 
213,2016-10-25,2016,10,25,2,35.76 N,129.19 E,경북 경주시 남남서쪽 9km 지역,35.76 
212,2016-10-24,2016,10,24,2.2,37.25 N,127.02 E,경기 수원시 권선구 동쪽 4km 지역,37.25 
211,2016-10-23,2016,10,23,2.7,35.78 N,129.20 E,경북 경주시 남남서쪽 7km 지역,35.78 
210,2016-10-21,2016,10,21,2.6,35.75 N,129.17 E,경북 경주시 남남서쪽 11km 지역,35.75 
209,2016-10-21,2016,10,21,2.2,36.46 N,126.87 E,충남 청양군 동쪽 6km 지역,36.46 
208,2016-10-20,2016,10,20,2.4,35.76 N,129.19 E,경북 경주시 남남서쪽 9km 지역,35.76 
207,2016-10-15,2016,10,15,2.2,35.76 N,129.17 E,경북 경주시 남남서쪽 10km 지역,35.76 
206,2016-10-15,2016,10,15,2.5,35.74 N,129.18 E,경북 경주시 남남서쪽 11km 지역,35.74 
205,2016-10-14,2016,10,14,2.3,35.76 N,129.19 E,경북 경주시 남남서쪽 9km 지역,35.76 
204,2016-10-12,2016,10,12,2.9,35.76 N,129.18 E,경북 경주시 남남서쪽 9km 지역,35.76 
203,2016-10-10,2016,10,10,3.3,35.75 N,129.18 E,경북 경주시 남남서쪽 10km 지역,35.75 
202,2016-10-09,2016,10,9,2.2,35.08 N,126.93 E,광주 동구 남쪽 7km 지역,35.08 
201,2016-10-07,2016,10,7,2.2,35.77 N,129.23 E,경북 경주시 남쪽 10km 지역,35.77 
200,2016-10-05,2016,10,5,2.3,38.76 N,125.62 E,북한 황해북도 송림시 북북서쪽 3km 지역,38.76 
199,2016-10-04,2016,10,4,2.6,35.76 N,129.19 E,경북 경주시 남남서쪽9km 지역,35.76 
198,2016-10-02,2016,10,2,3,35.75 N,129.19 E,경북 경주시 남남서쪽10km 지역,35.75 
197,2016-10-01,2016,10,1,2.3,35.76 N,129.18 E,경북 경주시 남남서쪽 9km 지역,35.76 
196,2016-10-01,2016,10,1,2,35.76 N,129.18 E,경북 경주시 남남서쪽 9km 지역,35.76 
195,2016-09-30,2016,9,30,2.2,35.75 N,129.18 E,경북 경주시 남남서쪽 10km 지역,35.75 
194,2016-09-30,2016,9,30,2.3,35.76 N,129.16 E,경북 경주시 남남서쪽 10km 지역,35.76 
193,2016-09-30,2016,9,30,2,35.77 N,129.16 E,경북 경주시 남남서쪽 9km 지역,35.77 
192,2016-09-30,2016,9,30,2.1,35.76 N,129.18 E,경북 경주시 남남서쪽 9km 지역,35.76 
191,2016-09-28,2016,9,28,2.7,35.77 N,129.17 E,경북 경주시 남남서쪽 9km 지역,35.77 
190,2016-09-28,2016,9,28,2.6,38.74 N,125.73 E,북한 황해북도 송림시 동쪽 8km 지역,38.74 
189,2016-09-28,2016,9,28,2.8,38.74 N,125.69 E,북한 황해북도 송림시 동쪽 5km 지역,38.74 
188,2016-09-28,2016,9,28,3.1,35.76 N,129.18 E,경북 경주시 남남서쪽 9km 지역,35.76 
187,2016-09-24,2016,9,24,2.5,35.79 N,129.19 E,경북 경주시 남남서쪽 6km 지역,35.79 
186,2016-09-23,2016,9,23,2.1,35.76 N,129.18 E,경북 경주시 남남서쪽 9km 지역,35.76 
185,2016-09-22,2016,9,22,2.1,35.76 N,129.18 E,경북 경주시 남남서쪽 9km 지역,35.76 
184,2016-09-22,2016,9,22,2.3,35.76 N,129.18 E,경북 경주시 남남서쪽 9km 지역,35.76 
183,2016-09-21,2016,9,21,3.5,35.75 N,129.18 E,경북 경주시 남남서쪽 10km 지역,35.75 
182,2016-09-21,2016,9,21,2.2,35.78 N,129.15 E,경북 경주시 남서쪽 9km 지역,35.78 
181,2016-09-21,2016,9,21,2.9,35.77 N,129.18 E,경북 경주시 남남서쪽 8km 지역,35.77 
180,2016-09-21,2016,9,21,2.1,35.76 N,129.18 E,경북 경주시 남남서쪽 9km 지역,35.76 
179,2016-09-20,2016,9,20,2.1,35.77 N,129.19 E,경북 경주시 남남서쪽 8km 지역,35.77 
178,2016-09-20,2016,9,20,2.5,38.36 N,128.09 E,북한 강원도 양구군 북북동쪽 29km 지역,38.36 
177,2016-09-20,2016,9,20,2.4,35.76 N,129.20 E,경북 경주시 남쪽 9km 지역,35.76 
176,2016-09-19,2016,9,19,2.1,35.75 N,129.17 E,경북 경주시 남남서쪽 11km 지역,35.75 
175,2016-09-19,2016,9,19,4.5,35.74 N,129.18 E,경북 경주시 남남서쪽 11km 지역,35.74 
174,2016-09-19,2016,9,19,2.1,35.76 N,129.17 E,경북 경주시 남남서쪽 10km 지역,35.76 
173,2016-09-18,2016,9,18,2,35.75 N,129.18 E,경북 경주시 남남서쪽 10km 지역,35.75 
172,2016-09-18,2016,9,18,2.4,35.76 N,129.17 E,경북 경주시 남남서쪽 10km 지역,35.76 
171,2016-09-17,2016,9,17,2.1,35.76 N,129.18 E,경북 경주시 남남서쪽 9km 지역,35.76 
170,2016-09-17,2016,9,17,2.1,35.76 N,129.18 E,경북 경주시 남남서쪽 9km 지역,35.76 
169,2016-09-16,2016,9,16,2.2,35.76 N,129.18 E,경북 경주시 남남서쪽 9km 지역,35.76 
168,2016-09-16,2016,9,16,2.1,35.74 N,129.17 E,경북 경주시 남남서쪽 12km 지역,35.74 
167,2016-09-16,2016,9,16,2,35.76 N,129.18 E,경북 경주시 남남서쪽 10km 지역,35.76 
166,2016-09-16,2016,9,16,2,35.75 N,129.18 E,경북 경주시 남남서쪽 10km 지역,35.75 
165,2016-09-16,2016,9,16,2.3,35.76 N,129.17 E,경북 경주시 남남서쪽 10km 지역,35.76 
164,2016-09-16,2016,9,16,2.2,35.78 N,129.19 E,경북 경주시 남남서쪽 7km 지역,35.78 
163,2016-09-15,2016,9,15,2.6,35.76 N,129.19 E,경북 경주시 남남서쪽 9km 지역,35.76 
162,2016-09-15,2016,9,15,2.2,35.77 N,129.19 E,경북 경주시 남남서쪽 8km 지역,35.77 
161,2016-09-15,2016,9,15,2.7,35.76 N,129.18 E,경북 경주시 남쪽 9km 지역,35.76 
160,2016-09-14,2016,9,14,2.4,35.76 N,129.17 E,경북 경주시 남남서쪽 10km 지역,35.76 
159,2016-09-14,2016,9,14,2.3,35.77 N,129.17 E,경북 경주시 남남서쪽 9km 지역,35.77 
158,2016-09-14,2016,9,14,2.1,35.77 N,129.18 E,경북 경주시 남남서쪽 8km 지역,35.77 
157,2016-09-14,2016,9,14,2.2,35.78 N,129.19 E,경북 경주시 남남서쪽 7km 지역,35.78 
156,2016-09-14,2016,9,14,2.4,33.93 N,126.62 E,전남 완도군 남남서쪽 44km 해역,33.93 
155,2016-09-14,2016,9,14,2.1,35.77 N,129.17 E,경북 경주시 남남서쪽 9km 지역,35.77 
154,2016-09-14,2016,9,14,2.4,35.76 N,129.18 E,경북 경주시 남남서쪽 9km 지역,35.76 
153,2016-09-14,2016,9,14,2.1,35.77 N,129.18 E,경북 경주시 남남서쪽 8km 지역,35.77 
152,2016-09-14,2016,9,14,3,35.75 N,129.18 E,경북 경주시 남남서쪽 11km 지역,35.75 
151,2016-09-13,2016,9,13,2.3,35.73 N,129.36 E,경북 경주시 남동쪽 18km 지역,35.73 
150,2016-09-13,2016,9,13,2.1,35.76 N,129.17 E,경북 경주시 남남서쪽 10km 지역,35.76 
149,2016-09-13,2016,9,13,2.1,35.76 N,129.18 E,경북 경주시 남남서쪽 9km 지역,35.76 
148,2016-09-13,2016,9,13,2,35.77 N,129.18 E,경북 경주시 남남서쪽 9km 지역,35.77 
147,2016-09-13,2016,9,13,2.5,35.75 N,129.18 E,경북 경주시 남남서쪽 10km 지역,35.75 
146,2016-09-13,2016,9,13,2,35.75 N,129.17 E,경북 경주시 남남서쪽 10km 지역,35.75 
145,2016-09-13,2016,9,13,2.5,35.76 N,129.20 E,경북 경주시 남쪽 9km 지역,35.76 
144,2016-09-13,2016,9,13,2.1,35.76 N,129.17 E,경북 경주시 남남서쪽 10km 지역,35.76 
143,2016-09-13,2016,9,13,3,35.76 N,129.18 E,경북 경주시 남남서쪽 9km 지역,35.76 
142,2016-09-13,2016,9,13,2.1,35.77 N,129.17 E,경북 경주시 남남서쪽 9km 지역,35.77 
141,2016-09-13,2016,9,13,2.4,35.77 N,129.17 E,경북 경주시 남남서쪽 9km 지역,35.77 
140,2016-09-13,2016,9,13,2.3,35.77 N,129.17 E,경북 경주시 남남서쪽 9km 지역,35.77 
139,2016-09-13,2016,9,13,2,35.76 N,129.16 E,경북 경주시 남남서쪽 10km 지역,35.76 
138,2016-09-13,2016,9,13,2.2,35.78 N,129.19 E,경북 경주시 남남서쪽 7km 지역,35.78 
137,2016-09-13,2016,9,13,2,35.76 N,129.18 E,경북 경주시 남남서쪽 9km 지역,35.76 
136,2016-09-13,2016,9,13,2.2,35.76 N,129.18 E,경북 경주시 남남서쪽 9km 지역,35.76 
135,2016-09-13,2016,9,13,2,35.76 N,129.18 E,경북 경주시 남남서쪽 9km 지역,35.76 
134,2016-09-13,2016,9,13,2.3,35.78 N,129.19 E,경북 경주시 남남서쪽 7km 지역,35.78 
133,2016-09-13,2016,9,13,2.3,35.76 N,129.18 E,경북 경주시 남남서쪽 9km 지역,35.76 
132,2016-09-13,2016,9,13,2.3,35.76 N,129.17 E,경북 경주시 남남서쪽 10km 지역,35.76 
131,2016-09-13,2016,9,13,3.2,35.76 N,129.17 E,경북 경주시 남남서쪽 10km 지역,35.76 
130,2016-09-13,2016,9,13,2.4,35.77 N,129.18 E,경북 경주시 남남서쪽 8km 지역,35.77 
129,2016-09-13,2016,9,13,2.1,35.77 N,129.19 E,경북 경주시 남남서쪽 8km 지역,35.77 
128,2016-09-13,2016,9,13,2,35.78 N,129.18 E,경북 경주시 남남서쪽 7km 지역,35.78 
127,2016-09-13,2016,9,13,2.3,35.77 N,129.18 E,경북 경주시 남남서쪽 8km 지역,35.77 
126,2016-09-13,2016,9,13,2,35.77 N,129.18 E,경북 경주시 남남서쪽 9km 지역,35.77 
125,2016-09-13,2016,9,13,2,35.77 N,129.19 E,경북 경주시 남남서쪽 8km 지역,35.77 
124,2016-09-13,2016,9,13,2.1,35.76 N,129.17 E,경북 경주시 남남서쪽 10km 지역,35.76 
123,2016-09-13,2016,9,13,2.1,35.78 N,129.19 E,경북 경주시 남남서쪽 7km 지역,35.78 
122,2016-09-13,2016,9,13,2.1,35.75 N,129.17 E,경북 경주시 남남서쪽 11km 지역,35.75 
121,2016-09-13,2016,9,13,2,35.75 N,129.18 E,경북 경주시 남남서쪽 10km 지역,35.75 
120,2016-09-13,2016,9,13,2.2,35.78 N,129.19 E,경북 경주시 남남서쪽 7km 지역,35.78 
119,2016-09-13,2016,9,13,2.1,35.76 N,129.17 E,경북 경주시 남남서쪽 10km 지역,35.76 
118,2016-09-13,2016,9,13,2.5,35.77 N,129.18 E,경북 경주시 남남서쪽 8km 지역,35.77 
117,2016-09-13,2016,9,13,2.2,35.77 N,129.18 E,경북 경주시 남남서쪽 8km 지역,35.77 
116,2016-09-13,2016,9,13,2.3,35.75 N,129.17 E,경북 경주시 남남서쪽 11km 지역,35.75 
115,2016-09-13,2016,9,13,2,35.77 N,129.18 E,경북 경주시 남남서쪽 8km 지역,35.77 
114,2016-09-13,2016,9,13,2.2,35.75 N,129.19 E,경북 경주시 남남서쪽 10km 지역,35.75 
113,2016-09-13,2016,9,13,2,35.77 N,129.17 E,경북 경주시 남남서쪽 9km 지역,35.77 
112,2016-09-13,2016,9,13,2.2,35.76 N,129.18 E,경북 경주시 남남서쪽 9km 지역,35.76 
111,2016-09-13,2016,9,13,3.1,35.78 N,129.21 E,경북 경주시 남쪽 6km 지역,35.78 
110,2016-09-13,2016,9,13,2.1,35.76 N,129.19 E,경북 경주시 남남서쪽 9km 지역,35.76 
109,2016-09-13,2016,9,13,2.5,35.76 N,129.19 E,경북 경주시 남남서쪽 9km 지역,35.76 
108,2016-09-13,2016,9,13,2,35.76 N,129.18 E,경북 경주시 남남서쪽 9km 지역,35.76 
107,2016-09-13,2016,9,13,2,35.76 N,129.18 E,경북 경주시 남남서쪽 9km 지역,35.76 
106,2016-09-13,2016,9,13,2.2,35.76 N,129.19 E,경북 경주시 남남서쪽 9km 지역,35.76 
105,2016-09-12,2016,9,12,2.2,35.77 N,129.19 E,경북 경주시 남남서쪽 8km 지역,35.77 
104,2016-09-12,2016,9,12,3.1,35.75 N,129.18 E,경북 경주시 남남서쪽 10km 지역,35.75 
103,2016-09-12,2016,9,12,3,35.76 N,129.17 E,경북 경주시 남남서쪽 8km 지역,35.76 
102,2016-09-12,2016,9,12,2.1,35.77 N,129.19 E,경북 경주시 남남서쪽 8km 지역,35.77 
101,2016-09-12,2016,9,12,2.4,35.77 N,129.18 E,경북 경주시 남남서쪽 8km 지역,35.77 
100,2016-09-12,2016,9,12,2.2,35.76 N,129.18 E,경북 경주시 남남서쪽 9km 지역,35.76 
99,2016-09-12,2016,9,12,2,35.77 N,129.18 E,경북 경주시 남남서쪽 8km 지역,35.77 
98,2016-09-12,2016,9,12,2.5,35.76 N,129.18 E,경북 경주시 남남서쪽 9km 지역,35.76 
97,2016-09-12,2016,9,12,2.4,35.76 N,129.19 E,경북 경주시 남남서쪽 9km 지역,35.76 
96,2016-09-12,2016,9,12,2,35.76 N,129.18 E,경북 경주시 남남서쪽 9km 지역,35.76 
95,2016-09-12,2016,9,12,2.1,35.77 N,129.19 E,경북 경주시 남남서쪽 8km 지역,35.77 
94,2016-09-12,2016,9,12,2.1,35.77 N,129.19 E,경북 경주시 남남서쪽 8km 지역,35.77 
93,2016-09-12,2016,9,12,2.2,35.76 N,129.16 E,경북 경주시 남남서쪽 10km 지역,35.76 
92,2016-09-12,2016,9,12,2.6,35.76 N,129.19 E,경북 경주시 남남서쪽 9km 지역,35.76 
91,2016-09-12,2016,9,12,2.3,35.76 N,129.02 E,경북 경주시 서남서쪽 20km 지역,35.76 
90,2016-09-12,2016,9,12,2.8,35.78 N,129.18 E,경북 경주시 남남서쪽 7km 지역,35.78 
89,2016-09-12,2016,9,12,2.1,35.76 N,129.18 E,경북 경주시 남남서쪽 9km 지역,35.76 
88,2016-09-12,2016,9,12,2.2,35.77 N,129.19 E,경북 경주시 남남서쪽 8km 지역,35.77 
87,2016-09-12,2016,9,12,2,35.77 N,129.19 E,경북 경주시 남남서쪽 8km 지역,35.77 
86,2016-09-12,2016,9,12,2.5,35.77 N,129.18 E,경북 경주시 남남서쪽 8km 지역,35.77 
85,2016-09-12,2016,9,12,2.1,35.77 N,129.17 E,경북 경주시 남남서쪽 9km 지역,35.77 
84,2016-09-12,2016,9,12,2,35.76 N,129.18 E,경북 경주시 남남서쪽 9km 지역,35.76 
83,2016-09-12,2016,9,12,2.6,35.75 N,129.16 E,경북 경주시 남남서쪽 11km 지역,35.75 
82,2016-09-12,2016,9,12,2.9,35.76 N,129.19 E,경북 경주시 남남서쪽 9km 지역,35.76 
81,2016-09-12,2016,9,12,2.2,35.81 N,129.23 E,경북 경주시 남남동쪽 3km 지역,35.81 
80,2016-09-12,2016,9,12,2.4,35.76 N,129.17 E,경북 경주시 남남서쪽 10km 지역,35.76 
79,2016-09-12,2016,9,12,2.7,35.78 N,129.20 E,경북 경주시 남남서쪽 7km 지역,35.78 
78,2016-09-12,2016,9,12,2.3,35.76 N,129.17 E,경북 경주시 남남서쪽 10km 지역,35.76 
77,2016-09-12,2016,9,12,2.5,35.76 N,129.18 E,경북 경주시 남남서쪽 9km 지역,35.76 
76,2016-09-12,2016,9,12,2.4,35.76 N,129.19 E,경북 경주시 남남서쪽 9km 지역,35.76 
75,2016-09-12,2016,9,12,2.5,35.79 N,129.20 E,경북 경주시 남남서쪽 5km 지역,35.79 
74,2016-09-12,2016,9,12,3,35.76 N,129.18 E,경북 경주시 남남서쪽 9km 지역,35.76 
73,2016-09-12,2016,9,12,3,35.77 N,129.19 E,경북 경주시 남남서쪽 8km 지역,35.77 
72,2016-09-12,2016,9,12,3,35.78 N,129.20 E,경북 경주시 남남서쪽 7km 지역,35.78 
71,2016-09-12,2016,9,12,2.1,35.76 N,129.19 E,경북 경주시 남남서쪽 11km 지역,35.76 
70,2016-09-12,2016,9,12,3.4,35.75 N,129.18 E,경북 경주시 남남서쪽 10km 지역,35.75 
69,2016-09-12,2016,9,12,3.6,35.75 N,129.18 E,경북 경주시 남남서쪽 12km 지역,35.75 
68,2016-09-12,2016,9,12,3.6,35.78 N,129.19 E,경북 경주시 남남서쪽 7km 지역,35.78 
67,2016-09-12,2016,9,12,5.8,35.76 N,129.19 E,경북 경주시 남남서쪽 8.7km 지역,35.76 
66,2016-09-12,2016,9,12,2.5,35.77 N,129.20 E,경북 경주시 남쪽 8km 지역,35.77 
65,2016-09-12,2016,9,12,2.3,35.76 N,129.19 E,경북 경주시 남남서쪽 9km 지역,35.76 
64,2016-09-12,2016,9,12,3.1,35.77 N,129.18 E,경북 경주시 남남서쪽 8km 지역,35.77 
63,2016-09-12,2016,9,12,2.7,35.76 N,129.17 E,경북 경주시 남남서쪽 10km 지역,35.76 
62,2016-09-12,2016,9,12,2.7,35.76 N,129.18 E,경북 경주시 남남서쪽 9km 지역,35.76 
61,2016-09-12,2016,9,12,2.6,35.76 N,129.19 E,경북 경주시 남남서쪽 9km 지역,35.76 
60,2016-09-12,2016,9,12,2.5,35.77 N,129.18 E,경북 경주시 남남서쪽 8km 지역,35.77 
59,2016-09-12,2016,9,12,2.4,35.78 N,129.16 E,경북 경주시 남서쪽 8km 지역,35.78 
58,2016-09-12,2016,9,12,2.4,35.76 N,129.18 E,경북 경주시 남남서쪽 9km 지역,35.76 
57,2016-09-12,2016,9,12,2.1,35.77 N,129.19 E,경북 경주시 남남서쪽 8km 지역,35.77 
56,2016-09-12,2016,9,12,2.2,35.77 N,129.18 E,경북 경주시 남남서쪽 8km 지역,35.77 
55,2016-09-12,2016,9,12,2,35.77 N,129.19 E,경북 경주시 남남서쪽 10km 지역,35.77 
54,2016-09-12,2016,9,12,2.1,35.72 N,129.20 E,경북 경주시 남쪽 15km 지역,35.72 
53,2016-09-12,2016,9,12,3.1,35.77 N,129.19 E,경북 경주시 남남서쪽 8km 지역,35.77 
52,2016-09-12,2016,9,12,2.2,35.76 N,129.19 E,경북 경주시 남남서쪽 9km 지역,35.76 
51,2016-09-12,2016,9,12,2.4,35.78 N,129.20 E,경북 경주시 남남서쪽 7km 지역,35.78 
50,2016-09-12,2016,9,12,5.1,35.77 N,129.19 E,경북 경주시 남남서쪽 8.2km 지역,35.77 
49,2016-08-30,2016,8,30,2.6,35.55 N,128.03 E,경남 합천군 서쪽 13km 지역,35.55 
48,2016-08-28,2016,8,28,2.1,35.65 N,127.48 E,전북 장수군 서쪽 4km 지역,35.65 
47,2016-08-28,2016,8,28,2.4,38.65 N,127.16 E,북한 강원도 평강 북북서쪽 29km 지역,38.65 
46,2016-08-20,2016,8,20,2.9,33.48 N,127.31 E,제주 서귀포시 성산 동북동쪽 41km 해역,33.48 
45,2016-08-20,2016,8,20,3,38.38 N,128.09 E,북한 강원도 양구군 북북동쪽 32km 지역,38.38 
44,2016-08-18,2016,8,18,2.6,38.84 N,125.70 E,북한 황해북도 송림시 북북동쪽 13km 지역,38.84 
43,2016-08-18,2016,8,18,2.1,37.18 N,125.46 E,인천 옹진군 연평도 남남서쪽 58km 해역,37.18 
42,2016-08-17,2016,8,17,2.9,38.35 N,128.09 E,북한 강원도 양구군 북북동쪽 28km 지역,38.35 
41,2016-08-16,2016,8,16,2.4,36.75 N,128.84 E,경북 안동시 북북동쪽 22km 지역,36.75 
40,2016-07-30,2016,7,30,2.3,33.06 N,126.33 E,제주 서귀포시 남서쪽 27km 해역,33.06 
39,2016-07-14,2016,7,14,2.8,35.12 N,130.24 E,울산 동구 동남동쪽 86km 해역,35.12 
38,2016-07-13,2016,7,13,2,36.80 N,128.53 E,경북 영주시 서쪽 9km 지역,36.80 
37,2016-07-09,2016,7,9,2.6,38.69 N,125.83 E,북한 황해북도 송림시 동남동쪽 18km 지역,38.69 
36,2016-07-09,2016,7,9,2.3,35.48 N,129.97 E,울산 동구 동쪽 50km 해역,35.48 
35,2016-07-05,2016,7,5,2.6,35.51 N,129.87 E,울산 동구 동쪽 41km 해역,35.51 
34,2016-07-05,2016,7,5,5,35.51 N,129.99 E,울산 동구 동쪽 52km 해역,35.51 
33,2016-06-25,2016,6,25,2.6,38.74 N,125.86 E,북한 황해북도 송림시 20km 지역,38.74 
32,2016-06-21,2016,6,21,3.1,39.49 N,126.19 E,북한 평안남도 성천군 북쪽 28km 지역,39.49 
31,2016-06-15,2016,6,15,2.6,35.87 N,129.69 E,경북 포항시 남구 동남동쪽 33km 해역,35.87 
30,2016-06-13,2016,6,13,2.7,34.30 N,124.68 E,전남 신안군 흑산면 서남서쪽 82km 해역,34.30 
29,2016-06-07,2016,6,7,2.3,33.05 N,126.17 E,제주 제주시 고산 남쪽 27km 해역,33.05 
28,2016-06-05,2016,6,5,2.2,36.00 N,129.58 E,경북 포항시 남구 동쪽 20km 해역,36.00 
27,2016-06-03,2016,6,3,3,36.39 N,127.92 E,경북 상주시 서쪽 22km 지역,36.39 
26,2016-05-24,2016,5,24,2.3,33.61 N,125.56 E,제주 제주시 고산 서북서쪽 66km 해역,33.61 
25,2016-05-22,2016,5,22,3.5,40.68 N,127.15 E,북한 함경남도 장진군 북북서쪽 34km 지역,40.68 
24,2016-05-03,2016,5,3,2.4,37.11 N,129.02 E,강원 태백시 남남동쪽 7km 지역,37.11 
23,2016-04-30,2016,4,30,2.6,37.75 N,125.40 E,북한 황해남도 옹진군 남쪽 20km 지역,37.75 
22,2016-04-28,2016,4,28,2.4,35.42 N,128.56 E,경남 창녕군 남남동쪽 15km 지역,35.42 
21,2016-04-27,2016,4,27,2.3,35.57 N,128.34 E,경남 합천군 동쪽 16km 지역,35.57 
20,2016-04-25,2016,4,25,2.3,33.51 N,125.91 E,제주 제주시 고산 북서쪽 34km 해역,33.51 
19,2016-04-21,2016,4,21,2.7,33.53 N,125.89 E,제주 제주시 고산 북서쪽 36km 해역,33.53 
18,2016-04-21,2016,4,21,2.7,33.52 N,125.92 E,제주 제주시 고산 북서쪽 34km 해역,33.52 
17,2016-04-13,2016,4,13,2.1,35.92 N,127.93 E,경북 김천시 남남서쪽 28km 지역,35.92 
16,2016-03-28,2016,3,28,2.9,35.22 N,127.96 E,경남 진주시 서북서쪽 12km 지역,35.22 
15,2016-03-27,2016,3,27,3.1,39.38 N,126.06 E,북한 평안남도 성천시 북서쪽 20km 지역,39.38 
14,2016-03-27,2016,3,27,2.3,35.33 N,130.04 E,울산 동구 동남동쪽 59km 해역,35.33 
13,2016-03-15,2016,3,15,2.5,37.60 N,129.82 E,강원 삼척시 동북동쪽 60km 해역,37.60 
12,2016-03-15,2016,3,15,2.7,36.31 N,128.21 E,경북 상주시 남남동쪽 12km 지역,36.31 
11,2016-03-14,2016,3,14,3.1,38.71 N,125.87 E,북한 황해북도 송림시 동쪽 21km 지역,38.71 
10,2016-03-05,2016,3,5,3.3,35.61 N,129.82 E,울산 동구 동북동쪽 38km 해역,35.61 
9,2016-03-02,2016,3,2,2.7,36.35 N,127.20 E,충남 공주시 남동쪽 13km 지역,36.35 
8,2016-02-28,2016,2,28,2.5,38.73 N,125.85 E,북한 황해북도 송림시 동쪽 19km 지역,38.73 
7,2016-02-26,2016,2,26,2.2,33.23 N,127.19 E,제주 서귀포시 성산 동남동쪽 34km 해역,33.23 
6,2016-02-24,2016,2,24,2.9,33.52 N,125.92 E,제주 제주시 고산 북서쪽 34km 해역,33.52 
5,2016-02-11,2016,2,11,3.1,36.21 N,127.48 E,충남 금산군 북쪽 12km 지역,36.21 
4,2016-01-31,2016,1,31,2,36.95 N,129.92 E,경북 울진군 동쪽 46 km 해역,36.95 
3,2016-01-25,2016,1,25,2.3,36.22 N,128.69 E,경북 의성군 남쪽 14km 지역,36.22 
2,2016-01-23,2016,1,23,2.4,38.42 N,126.25 E,북한 황해북도 평산군 북서쪽 16km 지역,38.42 
1,2016-01-06,2016,1,6,3,36.01 N,128.07 E,경북 김천시 남쪽 14km 지역,36.01 